Results,ObjectiveFunction,Optimal,Error,Calls
"[18, 20, 23, 48, 26, 45, 35, 47, 38, 40, 31, 8, 41, 5, 39, 24, 3, 9, 22, 34, 14, 29, 2, 25, 21, 33, 11, 36, 17, 27, 19, 7, 44, 28, 30, 37, 6, 43, 15, 1, 16, 4, 42, 10, 32, 13, 12, 46]",77587.40524936505,33523.70850743559,1.3144040055161583,795
"[9, 11, 41, 34, 5, 21, 47, 46, 37, 24, 35, 45, 4, 26, 32, 48, 42, 39, 13, 12, 40, 28, 6, 19, 30, 33, 14, 23, 25, 1, 3, 15, 18, 29, 2, 10, 16, 22, 8, 38, 31, 20, 44, 27, 43, 17, 7, 36]",77308.82077429372,33523.70850743559,1.306093932213572,795
"[38, 18, 33, 7, 36, 21, 5, 2, 29, 14, 11, 47, 42, 35, 24, 48, 10, 32, 20, 46, 27, 17, 30, 19, 31, 41, 26, 4, 45, 39, 34, 1, 25, 23, 15, 43, 37, 28, 6, 44, 8, 22, 16, 3, 13, 12, 40, 9]",75758.74212546641,33523.70850743559,1.2598556513717163,795
"[43, 19, 31, 33, 30, 37, 27, 17, 7, 44, 41, 34, 29, 48, 32, 39, 47, 20, 21, 11, 12, 18, 46, 13, 23, 38, 9, 22, 16, 1, 8, 42, 10, 5, 25, 14, 36, 6, 28, 40, 15, 3, 26, 35, 45, 4, 2, 24]",73359.95854684131,33523.70850743559,1.1883008119632708,795
"[25, 8, 1, 38, 31, 16, 3, 34, 41, 22, 40, 12, 33, 19, 6, 28, 47, 13, 20, 36, 18, 7, 37, 9, 5, 14, 44, 43, 27, 17, 30, 29, 10, 2, 26, 4, 45, 35, 24, 42, 21, 11, 15, 46, 23, 39, 32, 48]",69981.88372605621,33523.70850743559,1.0875340719101576,795
"[30, 6, 18, 28, 21, 29, 5, 10, 4, 35, 26, 45, 42, 2, 34, 33, 1, 16, 3, 24, 32, 13, 9, 46, 15, 11, 8, 22, 41, 48, 39, 25, 47, 17, 44, 7, 20, 38, 31, 14, 23, 40, 12, 27, 19, 43, 37, 36]",73146.36551765984,33523.70850743559,1.1819294097917568,795
"[18, 7, 12, 11, 6, 28, 44, 22, 1, 14, 25, 32, 29, 42, 5, 48, 13, 40, 15, 23, 34, 10, 35, 4, 2, 41, 8, 16, 21, 47, 46, 37, 43, 36, 38, 9, 24, 45, 26, 39, 3, 20, 33, 30, 27, 19, 17, 31]",75136.27345846957,33523.70850743559,1.2412876380250195,795
"[5, 20, 47, 15, 9, 8, 1, 40, 11, 25, 14, 32, 39, 3, 22, 16, 34, 41, 26, 4, 2, 29, 27, 19, 18, 31, 33, 12, 46, 38, 30, 43, 44, 10, 35, 45, 42, 24, 21, 7, 37, 6, 17, 28, 36, 23, 13, 48]",70057.76179508571,33523.70850743559,1.0897974870395626,795
"[25, 20, 15, 38, 31, 24, 35, 10, 5, 42, 48, 43, 17, 27, 37, 36, 19, 44, 46, 13, 34, 22, 40, 7, 18, 6, 30, 28, 33, 23, 41, 3, 14, 39, 32, 21, 11, 29, 2, 26, 4, 45, 8, 9, 1, 16, 12, 47]",72461.21480460704,33523.70850743559,1.161491613868885,795
"[15, 37, 28, 33, 20, 12, 21, 39, 10, 35, 4, 26, 3, 31, 38, 11, 40, 1, 8, 16, 25, 14, 47, 32, 13, 17, 7, 36, 22, 41, 29, 2, 9, 44, 30, 43, 48, 42, 27, 19, 6, 18, 46, 23, 45, 24, 5, 34]",85859.7397847039,33523.70850743559,1.5611647281105585,795
"[18, 7, 36, 2, 26, 42, 14, 40, 33, 44, 8, 34, 39, 32, 13, 11, 12, 46, 15, 38, 1, 3, 23, 24, 35, 4, 10, 45, 48, 5, 29, 25, 31, 6, 28, 27, 19, 30, 20, 21, 47, 22, 9, 16, 41, 43, 37, 17]",72816.05078049752,33523.70850743559,1.1720762416349864,795
"[22, 17, 18, 4, 13, 24, 1, 27, 8, 23, 7, 19, 25, 10, 21, 6, 12, 9, 5, 28, 16, 20, 29, 2, 3, 26, 15, 14, 11]",13691.292046647015,9074.14804787284,0.5088239661084794,795
"[17, 1, 28, 12, 9, 26, 29, 3, 2, 10, 19, 25, 23, 24, 8, 16, 15, 18, 14, 4, 20, 21, 6, 5, 13, 27, 7, 11, 22]",13701.793528110651,9074.14804787284,0.5099812627944308,795
"[2, 21, 1, 13, 20, 26, 29, 9, 12, 28, 8, 27, 24, 23, 7, 25, 16, 15, 22, 14, 6, 5, 3, 18, 17, 11, 19, 4, 10]",13840.335009474857,9074.14804787284,0.5252489750505343,795
"[13, 15, 11, 7, 23, 4, 10, 20, 1, 21, 2, 6, 9, 12, 3, 29, 26, 5, 28, 8, 27, 18, 22, 17, 14, 19, 25, 16, 24]",13289.73337552695,9074.14804787284,0.464570922296372,795
"[7, 4, 10, 20, 17, 14, 25, 21, 28, 24, 16, 13, 15, 19, 11, 22, 18, 2, 29, 3, 26, 9, 6, 5, 1, 8, 12, 27, 23]",14345.780450454205,9074.14804787284,0.5809506715968933,795
"[1, 28, 27, 7, 23, 8, 24, 16, 25, 11, 22, 17, 14, 21, 9, 5, 12, 6, 26, 29, 3, 2, 20, 10, 4, 15, 19, 18, 13]",12347.993850822733,9074.14804787284,0.3607882288979566,795
"[14, 11, 16, 1, 28, 12, 6, 9, 5, 26, 29, 3, 27, 23, 7, 25, 19, 20, 10, 13, 21, 2, 8, 24, 4, 18, 17, 22, 15]",12511.694731134328,9074.14804787284,0.3788285870062828,795
"[15, 18, 22, 17, 14, 20, 2, 4, 19, 23, 27, 8, 6, 9, 1, 5, 24, 13, 21, 3, 29, 26, 12, 28, 16, 10, 25, 7, 11]",14266.50696254832,9074.14804787284,0.572214480883709,795
"[5, 9, 21, 6, 12, 27, 25, 7, 4, 20, 10, 13, 24, 1, 28, 23, 16, 18, 15, 11, 17, 22, 14, 19, 8, 29, 2, 3, 26]",14415.525696006802,9074.14804787284,0.5886368196721328,795
"[2, 12, 6, 27, 23, 7, 16, 19, 4, 15, 20, 13, 25, 11, 22, 17, 18, 14, 10, 29, 3, 26, 9, 5, 21, 1, 28, 8, 24]",12447.685507856682,9074.14804787284,0.37177456684483623,795
"[17, 14, 3, 26, 29, 21, 9, 6, 1, 24, 16, 13, 4, 15, 19, 7, 23, 27, 8, 28, 12, 5, 2, 10, 20, 25, 11, 22, 18]",12377.740872280845,9074.14804787284,0.3640664453543307,795
"[21, 73, 45, 31, 22, 48, 2, 29, 75, 150, 104, 4, 140, 24, 130, 57, 43, 66, 12, 53, 120, 138, 1, 103, 87, 67, 127, 40, 58, 34, 96, 90, 99, 42, 111, 131, 115, 119, 126, 137, 141, 52, 10, 68, 64, 149, 98, 7, 133, 23, 38, 142, 132, 26, 122, 116, 37, 110, 17, 39, 28, 81, 135, 102, 65, 91, 79, 85, 108, 95, 25, 9, 33, 125, 44, 118, 145, 112, 41, 144, 77, 30, 128, 49, 147, 51, 123, 105, 84, 97, 35, 5, 143, 101, 117, 148, 8, 46, 94, 106, 27, 129, 74, 13, 16, 88, 54, 70, 86, 32, 15, 56, 83, 14, 113, 89, 76, 124, 82, 100, 18, 80, 72, 134, 36, 107, 63, 55, 50, 19, 114, 59, 78, 93, 20, 47, 109, 62, 3, 146, 6, 69, 139, 71, 136, 60, 11, 61, 92, 121]",36066.80103585047,6532.280933145756,4.521318113071685,795
"[22, 3, 39, 117, 148, 61, 2, 69, 108, 132, 85, 56, 37, 32, 131, 28, 130, 127, 54, 34, 96, 49, 27, 24, 51, 38, 40, 72, 13, 31, 144, 43, 5, 26, 78, 138, 58, 107, 126, 88, 133, 53, 9, 42, 35, 75, 102, 70, 50, 67, 129, 123, 36, 12, 21, 73, 91, 136, 66, 122, 23, 146, 82, 93, 30, 33, 83, 45, 16, 48, 89, 20, 29, 135, 65, 110, 6, 120, 47, 97, 63, 76, 128, 115, 113, 111, 124, 44, 7, 142, 140, 145, 98, 106, 80, 121, 77, 105, 1, 87, 99, 14, 59, 119, 84, 94, 92, 57, 101, 60, 114, 18, 137, 25, 109, 118, 11, 139, 19, 81, 86, 141, 116, 41, 17, 134, 62, 149, 103, 143, 100, 90, 55, 46, 150, 8, 95, 104, 71, 64, 68, 125, 147, 74, 4, 10, 52, 79, 15, 112]",34726.127041712134,6532.280933145756,4.316079849766818,795
"[52, 117, 11, 17, 61, 127, 86, 19, 87, 132, 99, 37, 92, 46, 145, 111, 20, 28, 6, 130, 27, 101, 24, 142, 84, 107, 5, 143, 97, 47, 25, 126, 34, 98, 88, 33, 105, 59, 96, 73, 125, 149, 113, 123, 64, 79, 58, 29, 146, 85, 70, 137, 135, 69, 50, 55, 35, 106, 74, 77, 72, 150, 121, 93, 18, 2, 9, 26, 54, 139, 110, 76, 95, 75, 7, 89, 32, 136, 119, 45, 63, 94, 16, 122, 57, 65, 100, 102, 134, 3, 42, 43, 41, 14, 80, 49, 13, 78, 128, 22, 44, 140, 60, 112, 66, 36, 31, 133, 116, 148, 38, 40, 23, 147, 129, 4, 91, 51, 15, 48, 1, 138, 109, 108, 118, 120, 56, 124, 83, 10, 8, 21, 131, 90, 30, 103, 104, 71, 141, 62, 115, 68, 144, 39, 81, 114, 12, 53, 67, 82]",34164.31272552754,6532.280933145756,4.230074008631929,795
"[3, 62, 125, 112, 80, 106, 123, 119, 68, 111, 23, 110, 81, 55, 104, 44, 4, 69, 43, 117, 129, 94, 78, 122, 131, 6, 143, 87, 98, 121, 57, 60, 12, 145, 13, 15, 52, 45, 138, 10, 76, 18, 120, 17, 39, 54, 46, 130, 86, 70, 47, 134, 66, 29, 113, 34, 93, 50, 114, 146, 33, 90, 51, 141, 56, 72, 71, 11, 28, 37, 38, 99, 135, 108, 19, 102, 36, 14, 58, 126, 75, 124, 132, 95, 103, 89, 35, 74, 40, 9, 107, 142, 137, 140, 101, 84, 30, 64, 144, 136, 91, 1, 48, 22, 115, 149, 53, 42, 63, 73, 148, 61, 116, 32, 97, 96, 139, 24, 118, 83, 105, 79, 21, 88, 65, 25, 27, 41, 127, 2, 20, 147, 49, 67, 109, 150, 59, 128, 31, 133, 92, 16, 26, 85, 77, 8, 7, 100, 5, 82]",35305.765949027125,6532.280933145756,4.404814384188603,795
"[6, 99, 134, 60, 4, 149, 133, 42, 11, 36, 101, 47, 35, 93, 39, 129, 44, 113, 71, 53, 120, 50, 30, 126, 83, 54, 32, 130, 29, 132, 7, 48, 22, 91, 147, 15, 122, 98, 45, 73, 128, 150, 123, 72, 117, 12, 2, 70, 135, 146, 26, 125, 62, 96, 27, 136, 64, 140, 40, 14, 115, 131, 67, 139, 41, 23, 92, 142, 75, 46, 100, 110, 85, 18, 33, 74, 79, 3, 87, 84, 137, 118, 107, 82, 89, 63, 37, 24, 144, 86, 138, 38, 31, 61, 9, 10, 121, 94, 103, 112, 13, 34, 88, 69, 127, 51, 57, 148, 116, 17, 114, 19, 102, 55, 52, 90, 81, 105, 21, 76, 1, 28, 145, 95, 97, 8, 78, 109, 141, 49, 68, 16, 80, 56, 124, 111, 59, 104, 119, 106, 66, 43, 20, 25, 77, 5, 143, 65, 58, 108]",36182.01638423215,6532.280933145756,4.538955956508127,795
"[2, 108, 137, 102, 74, 111, 62, 125, 16, 19, 50, 114, 14, 115, 145, 53, 83, 93, 124, 138, 96, 97, 89, 64, 95, 85, 3, 67, 47, 42, 139, 104, 22, 147, 12, 110, 118, 29, 121, 143, 82, 7, 126, 15, 73, 94, 30, 48, 78, 21, 150, 84, 146, 9, 55, 58, 38, 27, 127, 103, 107, 88, 68, 113, 79, 76, 10, 51, 90, 1, 4, 129, 11, 40, 17, 60, 135, 142, 109, 136, 87, 34, 98, 36, 39, 91, 71, 128, 149, 119, 123, 117, 57, 20, 65, 6, 28, 131, 49, 133, 72, 122, 81, 141, 92, 56, 105, 100, 63, 99, 24, 148, 101, 134, 46, 25, 33, 54, 45, 32, 37, 43, 77, 23, 116, 140, 66, 130, 86, 8, 59, 13, 31, 144, 5, 52, 26, 18, 75, 44, 106, 112, 120, 69, 61, 41, 70, 132, 35, 80]",35835.9191693248,6532.280933145756,4.485973358476986,795
"[65, 142, 97, 93, 35, 101, 49, 62, 7, 84, 109, 131, 14, 54, 58, 55, 15, 60, 66, 31, 136, 112, 30, 138, 16, 71, 106, 105, 96, 89, 91, 119, 82, 26, 67, 12, 24, 126, 120, 116, 123, 133, 94, 99, 110, 18, 85, 19, 61, 41, 38, 23, 134, 127, 130, 77, 92, 117, 78, 4, 47, 51, 42, 37, 83, 45, 63, 107, 132, 81, 28, 53, 36, 145, 22, 149, 11, 69, 139, 121, 100, 34, 40, 43, 48, 95, 5, 124, 140, 128, 68, 72, 122, 150, 144, 111, 33, 90, 6, 148, 39, 57, 21, 27, 102, 8, 104, 87, 103, 17, 147, 52, 137, 141, 29, 118, 88, 79, 59, 129, 80, 1, 9, 2, 70, 135, 114, 10, 73, 143, 98, 76, 3, 64, 20, 25, 146, 46, 50, 86, 75, 125, 44, 115, 74, 13, 32, 56, 108, 113]",36369.89452048669,6532.280933145756,4.567717447046787,795
"[88, 22, 44, 76, 139, 102, 37, 81, 18, 97, 131, 73, 71, 119, 64, 101, 40, 1, 34, 98, 125, 2, 39, 28, 144, 13, 128, 68, 74, 104, 147, 25, 67, 41, 60, 127, 66, 148, 32, 109, 118, 36, 138, 110, 92, 122, 49, 150, 3, 84, 47, 120, 20, 105, 112, 72, 137, 135, 53, 12, 11, 79, 93, 107, 89, 95, 103, 96, 69, 130, 117, 115, 94, 45, 21, 77, 83, 90, 99, 27, 24, 54, 134, 23, 31, 15, 59, 55, 51, 6, 108, 42, 70, 100, 5, 30, 52, 56, 7, 116, 57, 113, 10, 63, 126, 48, 140, 17, 145, 78, 14, 80, 111, 142, 143, 133, 16, 26, 82, 87, 4, 149, 124, 43, 58, 86, 123, 136, 106, 38, 114, 62, 121, 75, 46, 91, 50, 19, 141, 29, 8, 35, 85, 132, 65, 129, 61, 9, 33, 146]",35161.871849069095,6532.280933145756,4.38278622872029,795
"[39, 105, 86, 42, 28, 70, 135, 26, 69, 53, 81, 132, 6, 141, 104, 123, 101, 23, 150, 106, 45, 117, 41, 144, 13, 51, 139, 24, 116, 72, 112, 36, 61, 92, 47, 40, 114, 37, 149, 48, 64, 67, 19, 108, 11, 148, 140, 133, 52, 103, 73, 119, 145, 147, 74, 83, 109, 71, 87, 98, 76, 113, 88, 35, 122, 44, 138, 25, 43, 94, 131, 127, 120, 90, 5, 34, 82, 38, 66, 118, 55, 143, 121, 134, 2, 50, 75, 137, 27, 17, 29, 16, 46, 102, 99, 100, 124, 96, 58, 57, 49, 95, 30, 142, 59, 60, 77, 32, 15, 9, 12, 129, 91, 78, 3, 126, 14, 21, 22, 115, 136, 31, 128, 62, 10, 111, 130, 20, 65, 56, 97, 89, 93, 125, 84, 8, 4, 68, 80, 54, 79, 33, 63, 1, 7, 107, 18, 146, 85, 110]",35191.21337768018,6532.280933145756,4.387278002560297,795
"[144, 73, 84, 83, 69, 39, 53, 33, 20, 101, 41, 81, 141, 28, 66, 7, 103, 85, 114, 99, 51, 115, 72, 138, 27, 145, 57, 137, 55, 92, 108, 36, 118, 120, 2, 59, 71, 150, 18, 132, 63, 95, 22, 62, 82, 139, 56, 91, 130, 70, 46, 146, 124, 111, 129, 25, 109, 94, 48, 89, 113, 75, 142, 134, 23, 78, 30, 52, 54, 14, 128, 102, 86, 19, 6, 50, 135, 40, 61, 116, 11, 47, 29, 65, 37, 112, 4, 149, 96, 107, 26, 77, 74, 104, 16, 126, 110, 24, 9, 58, 93, 79, 121, 97, 32, 90, 12, 60, 38, 105, 15, 106, 68, 136, 3, 10, 13, 119, 45, 8, 76, 87, 17, 117, 49, 1, 34, 21, 44, 43, 131, 123, 133, 122, 31, 140, 148, 127, 42, 5, 143, 35, 98, 100, 125, 80, 88, 64, 67, 147]",35375.84452140805,6532.280933145756,4.415542424378261,795
"[42, 114, 47, 109, 66, 60, 24, 57, 119, 130, 61, 64, 72, 53, 37, 28, 69, 137, 110, 81, 39, 31, 59, 65, 103, 97, 111, 93, 56, 96, 87, 34, 76, 30, 107, 106, 13, 18, 49, 68, 150, 80, 105, 92, 46, 95, 100, 78, 133, 16, 126, 102, 141, 17, 116, 145, 129, 147, 144, 21, 8, 113, 67, 38, 122, 9, 11, 127, 118, 5, 84, 15, 79, 98, 1, 48, 22, 4, 121, 83, 40, 139, 23, 52, 131, 115, 91, 71, 74, 62, 44, 12, 117, 134, 128, 45, 148, 123, 41, 101, 51, 33, 146, 20, 90, 27, 77, 75, 120, 149, 10, 73, 7, 32, 135, 85, 26, 55, 82, 124, 35, 125, 142, 50, 132, 99, 2, 25, 108, 58, 6, 19, 70, 29, 3, 94, 63, 88, 138, 54, 43, 112, 104, 143, 86, 89, 36, 140, 14, 136]",34324.92901078754,6532.280933145756,4.254662094616568,795
"[96, 61, 17, 82, 8, 30, 35, 89, 59, 92, 58, 57, 2, 80, 24, 25, 75, 87, 1, 31, 79, 77, 7, 88, 64, 32, 66, 11, 36, 46, 97, 39, 56, 74, 41, 43, 15, 4, 55, 20, 10, 49, 38, 44, 45, 98, 13, 42, 16, 99, 5, 37, 6, 54, 68, 71, 34, 50, 94, 100, 14, 23, 22, 27, 52, 62, 63, 90, 65, 47, 84, 83, 95, 93, 85, 51, 78, 26, 53, 73, 48, 9, 81, 40, 12, 76, 28, 69, 33, 3, 21, 86, 60, 18, 19, 70, 101, 29, 67, 72, 91]",2008.2553555830718,642.3095357906022,2.126616130821041,795
"[57, 84, 5, 101, 37, 100, 61, 20, 78, 79, 35, 34, 54, 58, 18, 94, 97, 87, 86, 60, 83, 91, 96, 19, 48, 43, 42, 15, 13, 92, 14, 44, 99, 98, 46, 89, 12, 3, 29, 80, 93, 16, 47, 11, 53, 70, 68, 2, 52, 50, 90, 33, 51, 55, 26, 73, 23, 21, 85, 59, 6, 76, 88, 40, 72, 10, 24, 25, 67, 74, 56, 41, 28, 75, 22, 38, 95, 17, 49, 8, 31, 30, 66, 62, 63, 1, 69, 27, 4, 39, 65, 71, 82, 7, 32, 9, 77, 81, 64, 36, 45]",2091.947716497124,642.3095357906022,2.2569152409082633,795
"[69, 50, 80, 68, 2, 43, 42, 15, 39, 75, 65, 32, 46, 49, 45, 85, 92, 47, 63, 88, 10, 8, 96, 100, 98, 6, 27, 79, 78, 66, 30, 33, 18, 74, 61, 87, 82, 19, 40, 58, 13, 24, 76, 94, 71, 64, 20, 48, 7, 60, 99, 17, 16, 86, 91, 95, 56, 72, 101, 89, 97, 59, 36, 90, 62, 53, 70, 55, 67, 4, 23, 26, 52, 81, 35, 9, 12, 77, 1, 3, 5, 37, 51, 34, 29, 73, 54, 25, 22, 21, 14, 44, 38, 41, 57, 28, 93, 84, 83, 11, 31]",2080.404240436499,642.3095357906022,2.2389434135923003,795
"[29, 34, 68, 40, 27, 62, 90, 19, 63, 30, 55, 54, 9, 35, 18, 5, 84, 61, 1, 67, 23, 79, 71, 65, 20, 33, 31, 72, 4, 25, 28, 32, 49, 17, 44, 86, 46, 52, 70, 50, 94, 2, 13, 77, 3, 47, 83, 26, 12, 76, 10, 11, 88, 53, 57, 22, 56, 41, 95, 60, 82, 69, 66, 81, 80, 78, 24, 51, 101, 96, 99, 93, 87, 100, 91, 37, 21, 15, 38, 39, 73, 58, 16, 98, 48, 8, 7, 64, 36, 45, 85, 59, 92, 89, 43, 6, 42, 14, 97, 75, 74]",1968.0739649751758,642.3095357906022,2.064058456726358,795
"[14, 16, 42, 67, 22, 56, 75, 15, 87, 99, 92, 46, 59, 43, 86, 8, 85, 61, 93, 2, 55, 76, 81, 24, 54, 40, 57, 74, 79, 29, 66, 31, 90, 27, 32, 63, 11, 64, 83, 10, 30, 70, 60, 89, 88, 62, 69, 94, 21, 4, 25, 39, 23, 41, 97, 52, 48, 47, 58, 95, 36, 7, 19, 17, 72, 53, 6, 26, 35, 71, 65, 45, 91, 37, 100, 38, 44, 84, 5, 12, 68, 50, 1, 51, 82, 98, 96, 28, 73, 13, 20, 33, 78, 34, 9, 49, 3, 80, 77, 101, 18]",1938.3622636494636,642.3095357906022,2.017800850899066,795
"[12, 78, 84, 97, 38, 49, 48, 82, 17, 44, 15, 96, 61, 16, 100, 98, 99, 40, 9, 31, 23, 4, 30, 47, 7, 52, 50, 76, 81, 32, 90, 43, 57, 2, 37, 85, 91, 42, 14, 13, 6, 71, 29, 80, 26, 28, 24, 68, 101, 19, 18, 92, 56, 22, 74, 79, 5, 93, 72, 34, 77, 41, 87, 1, 51, 11, 20, 35, 3, 39, 67, 73, 53, 58, 66, 64, 65, 33, 94, 60, 89, 10, 8, 45, 46, 86, 88, 59, 75, 21, 27, 62, 70, 55, 25, 54, 63, 69, 36, 83, 95]",2248.9052167233344,642.3095357906022,2.501279509972112,795
"[27, 73, 94, 18, 84, 49, 64, 35, 81, 91, 16, 93, 96, 92, 59, 62, 47, 10, 69, 32, 50, 76, 36, 83, 95, 98, 53, 12, 77, 28, 4, 67, 29, 54, 75, 52, 72, 40, 26, 63, 19, 48, 43, 42, 44, 57, 15, 82, 7, 89, 21, 100, 38, 11, 90, 51, 34, 33, 31, 88, 1, 71, 65, 45, 46, 80, 68, 20, 66, 79, 58, 85, 17, 60, 56, 3, 70, 30, 24, 25, 39, 99, 101, 6, 13, 41, 2, 22, 23, 74, 97, 61, 14, 37, 8, 86, 5, 87, 55, 78, 9]",2100.90033941602,642.3095357906022,2.270853416227234,795
"[82, 91, 14, 73, 29, 78, 76, 96, 92, 60, 100, 59, 13, 80, 77, 68, 24, 79, 33, 40, 72, 58, 41, 27, 9, 34, 88, 101, 57, 53, 81, 69, 1, 55, 21, 2, 37, 93, 99, 98, 85, 74, 75, 87, 15, 16, 6, 5, 43, 44, 86, 46, 49, 48, 83, 64, 36, 38, 42, 84, 45, 19, 63, 22, 56, 25, 28, 31, 62, 32, 70, 50, 30, 65, 90, 3, 67, 35, 51, 10, 20, 8, 12, 4, 95, 97, 94, 89, 7, 47, 66, 71, 23, 39, 26, 54, 52, 18, 17, 61, 11]",2047.2435996058166,642.3095357906022,2.1873162167613116,795
"[86, 84, 19, 36, 16, 93, 94, 91, 44, 42, 21, 101, 47, 49, 46, 7, 9, 66, 48, 83, 89, 22, 12, 71, 78, 77, 40, 73, 26, 27, 70, 90, 30, 20, 74, 23, 67, 41, 54, 68, 32, 95, 97, 87, 72, 25, 55, 39, 75, 14, 57, 4, 3, 60, 5, 51, 34, 76, 59, 92, 37, 80, 1, 88, 82, 11, 63, 64, 62, 33, 53, 58, 2, 28, 50, 10, 35, 65, 6, 98, 85, 31, 56, 15, 100, 61, 13, 17, 38, 45, 99, 96, 79, 81, 29, 24, 69, 18, 8, 52, 43]",2026.6894685928314,642.3095357906022,2.155315865112031,795
"[45, 7, 91, 100, 74, 22, 73, 69, 81, 51, 62, 4, 24, 77, 18, 48, 89, 61, 5, 93, 60, 76, 12, 2, 58, 31, 32, 3, 50, 27, 54, 39, 78, 79, 66, 35, 71, 33, 52, 34, 68, 20, 36, 46, 88, 47, 84, 42, 97, 41, 23, 75, 56, 25, 67, 80, 53, 95, 87, 92, 10, 21, 44, 72, 28, 64, 11, 49, 37, 59, 85, 57, 15, 1, 29, 65, 9, 30, 82, 99, 43, 14, 38, 13, 26, 19, 63, 83, 8, 17, 16, 98, 6, 94, 40, 55, 101, 70, 90, 96, 86]",2061.298977487244,642.3095357906022,2.2091987782028553,795
"[32, 65, 66, 9, 36, 47, 83, 89, 85, 94, 90, 63, 19, 64, 34, 27, 28, 24, 54, 56, 74, 58, 13, 16, 44, 22, 55, 21, 40, 43, 15, 100, 4, 67, 25, 78, 76, 82, 46, 12, 11, 62, 51, 1, 70, 30, 7, 10, 20, 29, 33, 71, 68, 80, 77, 50, 39, 41, 73, 87, 60, 97, 59, 31, 48, 88, 69, 96, 5, 75, 3, 81, 18, 92, 93, 95, 72, 45, 8, 99, 6, 61, 84, 49, 14, 17, 86, 38, 37, 91, 52, 98, 42, 57, 2, 23, 101, 26, 53, 79, 35]",1961.6919532945358,642.3095357906022,2.054122419154092,795
"[71, 83, 25, 87, 26, 65, 10, 22, 42, 80, 89, 67, 30, 29, 43, 11, 38, 97, 85, 34, 12, 20, 98, 99, 88, 53, 79, 93, 23, 62, 3, 14, 27, 60, 72, 32, 54, 58, 35, 64, 28, 6, 8, 90, 69, 78, 13, 4, 66, 76, 95, 61, 68, 44, 2, 37, 55, 1, 59, 50, 96, 39, 73, 9, 52, 100, 5, 82, 40, 56, 94, 18, 70, 74, 51, 7, 77, 47, 31, 75, 16, 46, 57, 17, 36, 92, 49, 84, 21, 24, 19, 33, 48, 86, 81, 63, 45, 91, 15, 41]",103648.98358861291,21285.44318157108,3.869477356165744,795
"[18, 79, 61, 25, 9, 20, 35, 59, 15, 91, 96, 48, 52, 13, 76, 64, 81, 71, 2, 57, 100, 3, 29, 73, 83, 23, 32, 45, 89, 31, 50, 87, 11, 22, 67, 19, 10, 56, 74, 90, 98, 28, 47, 77, 17, 38, 53, 16, 1, 58, 42, 8, 40, 46, 60, 86, 27, 51, 37, 34, 41, 54, 80, 93, 55, 14, 39, 97, 36, 72, 92, 65, 94, 70, 84, 62, 12, 69, 68, 7, 44, 33, 95, 82, 5, 78, 30, 6, 63, 85, 43, 49, 4, 21, 99, 24, 26, 75, 66, 88]",95801.92707060573,21285.44318157108,3.5008189988522744,795
"[37, 52, 13, 14, 96, 39, 69, 47, 6, 63, 79, 70, 16, 99, 84, 38, 26, 20, 87, 34, 89, 19, 22, 94, 18, 8, 74, 97, 65, 49, 90, 32, 91, 60, 61, 51, 54, 42, 31, 4, 75, 46, 71, 78, 55, 27, 82, 50, 36, 24, 66, 56, 2, 64, 67, 72, 59, 17, 45, 98, 83, 48, 100, 44, 40, 58, 81, 25, 28, 21, 11, 10, 88, 80, 95, 5, 29, 35, 86, 9, 12, 92, 1, 62, 15, 53, 57, 3, 76, 41, 43, 23, 77, 73, 33, 30, 85, 7, 93, 68]",89242.36175690427,21285.44318157108,3.1926475758874604,795
"[52, 96, 82, 26, 90, 97, 75, 20, 7, 77, 58, 45, 15, 31, 76, 95, 73, 92, 94, 59, 72, 32, 36, 84, 25, 81, 37, 78, 29, 43, 68, 9, 83, 14, 71, 39, 93, 47, 1, 22, 89, 54, 69, 8, 63, 66, 65, 16, 53, 28, 86, 61, 48, 41, 2, 67, 44, 50, 57, 30, 3, 87, 4, 79, 18, 24, 38, 10, 46, 100, 35, 12, 27, 70, 91, 62, 21, 11, 17, 6, 88, 23, 85, 33, 51, 34, 55, 64, 40, 60, 98, 49, 74, 99, 19, 42, 56, 80, 13, 5]",93751.25651723528,21285.44318157108,3.40447754446593,795
"[85, 29, 14, 95, 89, 79, 9, 7, 87, 12, 34, 63, 24, 45, 69, 2, 35, 86, 32, 38, 70, 66, 16, 22, 93, 13, 30, 37, 90, 18, 53, 58, 68, 33, 5, 91, 96, 55, 21, 17, 15, 74, 6, 47, 49, 94, 50, 40, 76, 3, 46, 43, 51, 25, 57, 61, 20, 27, 62, 60, 11, 54, 44, 31, 88, 84, 80, 19, 98, 64, 39, 48, 28, 56, 75, 10, 92, 72, 59, 36, 23, 77, 42, 73, 52, 78, 71, 100, 41, 83, 97, 8, 26, 65, 4, 67, 99, 1, 82, 81]",100855.00864803475,21285.44318157108,3.738215116674429,795
"[31, 6, 53, 56, 25, 51, 29, 46, 27, 1, 42, 48, 14, 10, 47, 99, 72, 11, 92, 19, 36, 21, 77, 64, 76, 28, 91, 74, 58, 67, 57, 83, 30, 44, 95, 50, 82, 73, 55, 20, 68, 33, 100, 96, 40, 39, 52, 81, 71, 78, 43, 41, 3, 93, 69, 61, 26, 65, 7, 9, 62, 98, 32, 17, 59, 35, 86, 60, 63, 75, 97, 84, 90, 45, 15, 12, 34, 8, 89, 80, 38, 22, 24, 79, 85, 2, 23, 87, 49, 16, 70, 18, 94, 88, 4, 66, 37, 13, 5, 54]",94348.51076271509,21285.44318157108,3.4325368261254687,795
"[32, 98, 67, 69, 54, 96, 46, 93, 59, 79, 4, 26, 61, 55, 12, 23, 45, 24, 99, 94, 70, 53, 8, 56, 65, 6, 73, 64, 16, 22, 60, 86, 51, 14, 43, 7, 77, 62, 35, 27, 58, 42, 1, 81, 34, 57, 91, 47, 17, 84, 71, 87, 9, 95, 13, 39, 25, 85, 28, 40, 37, 31, 18, 38, 5, 52, 100, 3, 20, 83, 11, 75, 10, 92, 49, 66, 19, 63, 90, 72, 33, 76, 78, 30, 48, 89, 97, 29, 41, 50, 2, 44, 82, 68, 15, 21, 88, 36, 74, 80]",95756.77615552017,21285.44318157108,3.4986977879054124,795
"[3, 96, 50, 78, 33, 2, 18, 94, 84, 36, 15, 90, 92, 19, 79, 49, 80, 69, 55, 100, 41, 48, 34, 52, 5, 37, 76, 54, 87, 93, 97, 16, 75, 77, 62, 57, 9, 61, 95, 13, 81, 7, 91, 53, 4, 65, 70, 1, 6, 88, 98, 28, 8, 89, 25, 68, 73, 51, 20, 29, 43, 58, 27, 12, 71, 40, 72, 17, 86, 46, 82, 30, 35, 47, 10, 63, 67, 64, 23, 31, 11, 32, 56, 45, 14, 44, 66, 26, 42, 39, 83, 85, 74, 24, 59, 99, 22, 38, 21, 60]",95736.53533361595,21285.44318157108,3.4977468646978678,795
"[54, 37, 52, 83, 81, 63, 75, 36, 84, 25, 87, 35, 47, 98, 91, 32, 30, 100, 46, 29, 79, 20, 86, 43, 41, 95, 13, 57, 23, 60, 93, 15, 17, 7, 9, 2, 5, 78, 48, 3, 61, 59, 72, 12, 40, 44, 69, 92, 90, 88, 45, 55, 73, 64, 67, 56, 19, 6, 66, 99, 50, 51, 68, 34, 33, 76, 14, 80, 21, 74, 1, 77, 62, 42, 53, 8, 89, 26, 94, 38, 24, 27, 39, 71, 96, 31, 65, 70, 97, 16, 4, 22, 10, 18, 49, 28, 58, 11, 85, 82]",97806.86901104226,21285.44318157108,3.5950121017787104,795
"[24, 49, 6, 75, 78, 68, 13, 89, 16, 70, 38, 86, 7, 77, 61, 81, 9, 59, 84, 60, 87, 20, 35, 45, 23, 91, 43, 41, 71, 34, 55, 3, 85, 12, 27, 62, 17, 11, 83, 90, 53, 88, 74, 79, 18, 99, 26, 97, 72, 30, 96, 76, 65, 19, 8, 58, 92, 93, 54, 40, 5, 50, 51, 10, 36, 94, 46, 14, 39, 73, 37, 52, 57, 21, 22, 4, 25, 69, 80, 32, 28, 31, 44, 2, 64, 95, 33, 82, 42, 56, 100, 48, 29, 47, 67, 1, 63, 15, 98, 66]",97647.94901408433,21285.44318157108,3.5875459665612146,795
"[18, 42, 38, 4, 49, 34, 41, 58, 79, 90, 72, 26, 89, 1, 28, 8, 39, 85, 7, 63, 47, 32, 99, 74, 6, 50, 33, 13, 5, 15, 91, 51, 21, 84, 56, 97, 53, 16, 88, 77, 62, 86, 27, 83, 29, 55, 100, 43, 80, 93, 23, 98, 45, 17, 69, 54, 30, 44, 37, 76, 20, 11, 59, 10, 60, 57, 92, 19, 66, 22, 61, 78, 46, 9, 96, 52, 73, 65, 67, 12, 35, 3, 25, 40, 68, 87, 36, 24, 75, 31, 64, 14, 48, 71, 2, 82, 95, 81, 94, 70]",98325.45962670975,21285.44318157108,3.619375729599083,795
"[79, 13, 85, 53, 29, 49, 66, 100, 16, 7, 82, 12, 23, 94, 43, 38, 75, 25, 88, 72, 39, 22, 54, 2, 99, 4, 68, 71, 10, 37, 11, 52, 73, 59, 20, 6, 17, 62, 42, 55, 64, 57, 74, 92, 40, 61, 18, 30, 65, 26, 19, 98, 47, 8, 90, 86, 80, 21, 5, 28, 58, 34, 41, 3, 97, 14, 27, 31, 89, 95, 77, 76, 35, 36, 9, 32, 24, 78, 60, 46, 93, 44, 48, 84, 87, 45, 81, 63, 1, 69, 67, 56, 91, 51, 96, 33, 70, 50, 83, 15]",92764.19220704559,20750.762503687547,3.470399205357431,795
"[52, 74, 12, 53, 58, 39, 47, 59, 73, 41, 3, 64, 20, 54, 18, 24, 16, 32, 82, 44, 76, 71, 25, 21, 57, 84, 48, 43, 88, 86, 91, 70, 7, 61, 60, 68, 50, 94, 90, 22, 6, 5, 28, 98, 56, 79, 1, 93, 29, 2, 31, 55, 67, 40, 13, 65, 27, 46, 66, 87, 72, 75, 23, 26, 9, 30, 89, 35, 95, 8, 38, 62, 83, 34, 17, 85, 69, 99, 36, 81, 45, 77, 80, 15, 4, 19, 92, 11, 97, 96, 63, 42, 49, 14, 10, 51, 37, 78, 33, 100]",95220.39526554632,20750.762503687547,3.588766087444981,795
"[51, 92, 87, 96, 41, 21, 90, 17, 83, 56, 12, 64, 54, 67, 42, 78, 82, 4, 77, 86, 28, 98, 62, 66, 11, 57, 70, 68, 91, 89, 3, 13, 15, 85, 47, 55, 25, 20, 9, 26, 46, 30, 59, 2, 35, 76, 34, 22, 6, 31, 99, 10, 61, 1, 53, 29, 97, 81, 100, 40, 79, 27, 38, 94, 45, 37, 93, 75, 16, 24, 32, 74, 23, 73, 60, 52, 44, 63, 18, 95, 50, 58, 88, 39, 80, 69, 72, 5, 49, 7, 65, 8, 43, 71, 84, 48, 36, 14, 19, 33]",101168.10410556148,20750.762503687547,3.875392125353622,795
"[83, 56, 88, 22, 18, 61, 49, 99, 41, 13, 34, 90, 54, 85, 81, 87, 97, 36, 33, 1, 80, 28, 5, 27, 32, 82, 26, 4, 66, 45, 100, 14, 68, 89, 65, 6, 38, 50, 86, 39, 31, 67, 64, 20, 59, 3, 91, 76, 2, 57, 74, 51, 84, 37, 52, 96, 63, 53, 24, 55, 47, 15, 73, 69, 75, 25, 12, 48, 11, 78, 29, 40, 93, 95, 70, 30, 79, 35, 77, 16, 46, 94, 72, 8, 58, 17, 98, 43, 71, 62, 42, 60, 10, 92, 44, 19, 9, 7, 23, 21]",89867.35257990952,20750.762503687547,3.3307976063019127,795
"[49, 4, 99, 68, 30, 45, 14, 74, 92, 32, 52, 9, 85, 1, 42, 25, 62, 54, 12, 40, 27, 97, 10, 22, 75, 5, 50, 34, 55, 79, 93, 16, 66, 64, 98, 2, 20, 67, 47, 38, 90, 39, 72, 56, 17, 91, 69, 81, 36, 73, 70, 80, 63, 51, 65, 83, 95, 44, 96, 76, 94, 43, 21, 86, 58, 28, 46, 7, 13, 3, 84, 48, 23, 88, 71, 77, 11, 87, 100, 41, 89, 57, 29, 60, 31, 53, 24, 26, 61, 15, 6, 35, 8, 59, 19, 18, 78, 82, 37, 33]",101834.85088804238,20750.762503687547,3.907523319682622,795
"[72, 54, 58, 34, 25, 75, 6, 56, 86, 39, 88, 71, 28, 38, 63, 66, 33, 100, 97, 68, 94, 91, 95, 59, 41, 29, 51, 9, 61, 19, 23, 70, 43, 8, 80, 14, 42, 83, 76, 98, 5, 1, 15, 67, 62, 21, 48, 87, 84, 16, 32, 24, 37, 44, 31, 22, 17, 64, 82, 7, 69, 92, 18, 49, 99, 53, 85, 26, 50, 89, 40, 46, 52, 10, 78, 55, 20, 13, 2, 77, 79, 12, 65, 73, 81, 11, 4, 57, 74, 36, 96, 45, 93, 90, 47, 27, 30, 3, 60, 35]",92310.38671237795,20750.762503687547,3.448529864672384,795
"[54, 35, 41, 55, 13, 8, 62, 58, 90, 67, 40, 15, 64, 26, 27, 22, 17, 34, 6, 75, 72, 68, 23, 20, 31, 85, 24, 47, 86, 70, 88, 39, 42, 53, 12, 36, 100, 66, 96, 74, 49, 46, 37, 16, 44, 59, 69, 45, 19, 18, 61, 5, 95, 43, 25, 38, 28, 79, 7, 78, 9, 63, 93, 4, 2, 94, 3, 73, 99, 87, 51, 50, 56, 98, 10, 57, 81, 97, 92, 52, 48, 29, 77, 80, 1, 14, 21, 30, 89, 60, 32, 82, 11, 84, 33, 76, 91, 71, 83, 65]",87600.53418816371,20750.762503687547,3.2215573607281436,795
"[54, 86, 56, 70, 94, 57, 74, 79, 19, 100, 87, 93, 16, 11, 89, 43, 98, 6, 23, 76, 8, 2, 20, 61, 78, 13, 62, 22, 45, 51, 29, 64, 49, 1, 53, 18, 15, 85, 42, 4, 60, 84, 26, 7, 46, 92, 36, 33, 73, 65, 44, 66, 37, 12, 40, 38, 39, 88, 25, 59, 3, 69, 96, 99, 48, 82, 52, 63, 9, 10, 14, 77, 17, 67, 27, 55, 47, 31, 81, 97, 32, 24, 95, 72, 50, 41, 75, 90, 34, 83, 30, 5, 71, 28, 58, 91, 21, 68, 35, 80]",93069.02769399282,20750.762503687547,3.4850895323703814,795
"[81, 64, 13, 85, 40, 77, 56, 39, 5, 86, 94, 91, 23, 73, 33, 3, 59, 38, 43, 76, 14, 97, 100, 70, 36, 93, 57, 69, 20, 65, 31, 35, 2, 80, 6, 53, 37, 26, 63, 16, 68, 88, 58, 34, 98, 41, 49, 84, 24, 90, 8, 67, 1, 99, 96, 11, 21, 47, 25, 71, 28, 72, 62, 10, 61, 82, 87, 15, 83, 95, 89, 55, 7, 51, 48, 66, 79, 42, 4, 30, 54, 17, 50, 22, 75, 78, 9, 32, 44, 27, 46, 12, 52, 92, 60, 74, 45, 29, 18, 19]",94887.51198787914,20750.762503687547,3.572724109343789,795
"[70, 94, 89, 57, 92, 99, 54, 79, 63, 44, 49, 33, 66, 61, 29, 14, 24, 12, 75, 85, 78, 51, 84, 82, 37, 68, 67, 13, 27, 69, 19, 81, 97, 64, 42, 39, 76, 35, 40, 6, 2, 36, 21, 77, 7, 9, 96, 48, 10, 26, 32, 46, 17, 55, 25, 88, 91, 50, 34, 38, 5, 43, 86, 90, 15, 73, 45, 52, 16, 58, 98, 62, 72, 71, 95, 93, 59, 4, 23, 80, 65, 8, 28, 56, 20, 53, 1, 3, 41, 22, 47, 31, 30, 83, 60, 74, 18, 100, 87, 11]",97264.86822535557,20750.762503687547,3.687291284263456,795
"[23, 83, 38, 88, 50, 4, 87, 84, 52, 18, 80, 65, 85, 27, 62, 20, 24, 63, 10, 44, 21, 89, 70, 95, 43, 93, 49, 61, 1, 26, 75, 86, 54, 78, 46, 96, 14, 35, 2, 97, 74, 99, 33, 3, 90, 98, 17, 30, 81, 68, 71, 58, 91, 28, 34, 64, 31, 79, 13, 25, 5, 76, 60, 37, 11, 59, 47, 73, 69, 41, 22, 67, 15, 12, 9, 82, 7, 51, 16, 100, 57, 19, 6, 39, 72, 56, 48, 36, 45, 92, 66, 32, 53, 29, 40, 77, 55, 8, 42, 94]",98572.44613493567,20750.762503687547,3.7503047715677296,795
"[73, 65, 72, 56, 66, 71, 70, 47, 49, 53, 51, 48, 45, 52, 55, 59, 18, 33, 30, 4, 2, 29, 67, 50, 43, 44, 24, 36, 38, 40, 41, 60, 25, 22, 23, 75, 21, 46, 68, 69, 42, 37, 16, 11, 9, 13, 15, 1, 14, 10, 20, 6, 8, 12, 74, 7, 26, 31, 17, 28, 5, 3, 76, 27, 19, 54, 57, 39, 62, 61, 58, 32, 35, 34, 63, 64]",306352.56157474755,108159.4382741377,1.8324163518515642,795
"[16, 7, 9, 8, 2, 31, 30, 20, 35, 46, 21, 1, 23, 75, 25, 48, 49, 66, 59, 65, 27, 29, 68, 51, 71, 37, 14, 10, 76, 11, 40, 64, 63, 58, 4, 5, 33, 32, 19, 50, 67, 72, 73, 41, 52, 53, 44, 45, 24, 22, 26, 54, 43, 28, 18, 74, 12, 6, 47, 57, 62, 61, 56, 55, 70, 69, 42, 39, 60, 38, 13, 15, 3, 34, 36, 17]",330895.2679651621,108159.4382741377,2.059328647089353,795
"[20, 1, 31, 36, 58, 10, 2, 76, 7, 11, 59, 61, 39, 35, 28, 5, 8, 74, 9, 6, 42, 52, 65, 71, 72, 64, 24, 25, 70, 68, 21, 75, 23, 12, 13, 4, 19, 27, 50, 66, 15, 14, 16, 55, 51, 49, 56, 67, 48, 45, 18, 17, 37, 73, 57, 46, 22, 69, 54, 32, 29, 33, 3, 38, 34, 41, 53, 30, 40, 60, 62, 63, 44, 47, 43, 26]",350519.75859087316,108159.4382741377,2.2407690367479183,795
"[38, 36, 62, 64, 63, 32, 31, 2, 70, 67, 68, 71, 56, 27, 3, 7, 76, 75, 6, 21, 30, 28, 43, 69, 49, 50, 66, 59, 4, 46, 48, 45, 34, 52, 42, 10, 14, 11, 9, 26, 1, 22, 8, 74, 13, 12, 47, 57, 72, 73, 65, 24, 25, 44, 5, 20, 19, 60, 58, 55, 33, 61, 29, 23, 51, 54, 53, 40, 16, 17, 18, 15, 37, 35, 41, 39]",326963.95975392684,108159.4382741377,2.022981304000615,795
"[46, 32, 37, 13, 16, 6, 3, 38, 59, 53, 51, 29, 9, 15, 17, 35, 42, 47, 48, 50, 39, 40, 41, 18, 27, 66, 52, 54, 49, 55, 57, 11, 10, 72, 73, 61, 28, 7, 8, 5, 30, 26, 19, 45, 44, 67, 69, 75, 76, 33, 65, 4, 1, 25, 60, 58, 56, 64, 62, 43, 74, 14, 12, 23, 2, 36, 63, 71, 70, 68, 34, 20, 31, 22, 21, 24]",343248.24260091403,108159.4382741377,2.173539434727159,795
"[37, 20, 21, 41, 61, 10, 19, 5, 49, 24, 25, 4, 7, 8, 74, 9, 15, 16, 56, 42, 33, 32, 54, 52, 34, 60, 38, 62, 11, 13, 17, 26, 63, 64, 71, 59, 40, 73, 66, 48, 44, 55, 69, 70, 72, 65, 50, 58, 51, 53, 2, 23, 6, 75, 76, 67, 47, 45, 28, 46, 3, 22, 27, 31, 30, 29, 43, 68, 57, 39, 36, 1, 12, 14, 18, 35]",345516.8932415562,108159.4382741377,2.1945144941102535,795
"[40, 4, 3, 5, 26, 25, 24, 52, 18, 11, 20, 54, 56, 66, 51, 49, 64, 57, 69, 44, 55, 68, 70, 65, 43, 32, 27, 67, 31, 50, 48, 45, 7, 14, 16, 19, 76, 23, 22, 34, 41, 71, 73, 63, 72, 58, 28, 29, 61, 62, 59, 53, 46, 30, 33, 12, 9, 13, 74, 60, 39, 15, 21, 47, 10, 6, 8, 75, 2, 1, 42, 35, 36, 17, 37, 38]",333135.36108739156,108159.4382741377,2.080039674790438,795
"[55, 49, 65, 52, 50, 76, 1, 2, 22, 25, 5, 42, 28, 4, 9, 74, 8, 37, 18, 58, 62, 68, 20, 12, 24, 46, 69, 48, 34, 41, 35, 19, 23, 40, 39, 38, 17, 36, 32, 43, 53, 66, 54, 71, 57, 59, 60, 61, 67, 70, 63, 45, 47, 44, 27, 33, 30, 31, 3, 7, 6, 10, 16, 11, 13, 14, 15, 26, 56, 73, 51, 21, 75, 29, 72, 64]",328168.51029417303,108159.4382741377,2.034118108698076,795
"[1, 22, 44, 60, 52, 55, 66, 71, 47, 48, 68, 70, 24, 46, 34, 38, 28, 26, 27, 43, 29, 32, 11, 5, 31, 33, 45, 21, 20, 36, 16, 61, 63, 65, 53, 4, 15, 6, 8, 25, 49, 57, 50, 69, 54, 42, 40, 10, 9, 30, 56, 58, 64, 73, 72, 39, 59, 37, 51, 67, 14, 74, 18, 17, 62, 41, 35, 13, 3, 7, 12, 23, 75, 76, 2, 19]",334229.3819782084,108159.4382741377,2.090154565439592,795
"[45, 24, 25, 1, 2, 7, 11, 5, 31, 12, 62, 72, 57, 73, 56, 43, 33, 32, 55, 66, 65, 49, 44, 47, 68, 70, 75, 14, 74, 35, 26, 27, 60, 40, 39, 38, 36, 16, 17, 3, 23, 6, 76, 13, 9, 10, 54, 50, 46, 8, 4, 22, 21, 37, 29, 28, 34, 52, 53, 51, 71, 61, 41, 59, 20, 19, 58, 63, 64, 15, 18, 30, 42, 67, 69, 48]",311993.5505290819,108159.4382741377,1.8845707365668107,795
"[17, 28, 26, 34, 32, 62, 61, 52, 11, 12, 74, 13, 4, 19, 30, 55, 6, 3, 75, 2, 23, 48, 29, 36, 39, 58, 60, 41, 59, 37, 42, 49, 53, 43, 7, 8, 20, 22, 68, 69, 38, 15, 67, 70, 64, 63, 65, 40, 31, 5, 9, 71, 72, 73, 21, 1, 76, 47, 46, 45, 44, 51, 57, 66, 50, 18, 16, 14, 27, 54, 56, 10, 24, 25, 33, 35]",344473.33002790343,108159.4382741377,2.184866115473081,795
"[43, 51, 178, 112, 59, 223, 168, 152, 82, 80, 186, 204, 39, 27, 197, 221, 57, 194, 200, 224, 134, 143, 67, 209, 23, 2, 104, 114, 198, 37, 128, 169, 151, 124, 109, 86, 183, 167, 147, 158, 107, 156, 96, 69, 127, 214, 108, 139, 159, 81, 174, 190, 195, 172, 170, 47, 225, 150, 135, 140, 17, 117, 166, 213, 196, 203, 6, 28, 75, 115, 187, 121, 176, 177, 145, 7, 20, 182, 184, 123, 148, 87, 105, 157, 154, 125, 130, 126, 216, 49, 44, 35, 175, 89, 101, 54, 192, 98, 5, 116, 111, 181, 171, 118, 91, 210, 83, 25, 61, 153, 45, 46, 18, 74, 119, 60, 102, 206, 68, 31, 93, 94, 217, 207, 113, 64, 78, 146, 138, 144, 212, 120, 65, 56, 76, 180, 165, 71, 19, 42, 10, 4, 36, 1, 90, 163, 53, 97, 222, 9, 205, 161, 155, 193, 41, 38, 72, 189, 191, 55, 100, 173, 137, 136, 77, 34, 218, 48, 103, 32, 29, 179, 62, 188, 52, 21, 208, 33, 92, 122, 66, 164, 211, 201, 149, 199, 133, 95, 202, 142, 131, 129, 15, 13, 14, 30, 88, 162, 85, 219, 132, 160, 141, 110, 63, 12, 16, 215, 26, 24, 70, 50, 8, 106, 73, 84, 220, 185, 79, 40, 99, 22, 11, 58, 3]",31083.593820034832,3859.0,7.0548312568113065,795
"[76, 72, 96, 148, 122, 106, 14, 21, 214, 118, 47, 11, 3, 124, 154, 151, 43, 13, 216, 88, 78, 80, 33, 15, 19, 143, 54, 50, 89, 101, 9, 194, 184, 2, 6, 55, 81, 202, 28, 23, 17, 123, 155, 179, 163, 125, 64, 56, 66, 20, 208, 206, 121, 220, 172, 186, 70, 59, 94, 92, 90, 140, 187, 170, 178, 68, 111, 173, 53, 36, 30, 224, 146, 71, 201, 185, 197, 203, 79, 217, 180, 137, 165, 57, 58, 48, 192, 34, 100, 73, 10, 39, 119, 128, 82, 103, 210, 164, 37, 18, 126, 84, 168, 110, 38, 46, 212, 161, 150, 190, 120, 181, 60, 152, 153, 171, 67, 157, 77, 42, 115, 87, 183, 27, 51, 195, 199, 167, 188, 223, 175, 16, 4, 116, 130, 86, 136, 129, 177, 149, 141, 117, 114, 63, 97, 160, 215, 102, 104, 156, 213, 133, 207, 62, 1, 189, 218, 52, 108, 134, 222, 147, 145, 95, 74, 22, 24, 211, 113, 135, 158, 109, 65, 26, 132, 139, 35, 204, 91, 176, 182, 112, 219, 105, 166, 32, 25, 93, 169, 196, 225, 45, 31, 41, 40, 127, 144, 159, 221, 44, 12, 7, 8, 200, 193, 107, 61, 49, 69, 5, 198, 85, 99, 29, 98, 83, 209, 174, 138, 131, 142, 162, 191, 205, 75]",30966.486618518084,3859.0,7.024484741777166,795
"[77, 180, 54, 34, 13, 14, 5, 202, 89, 106, 38, 24, 32, 61, 94, 22, 17, 116, 65, 119, 56, 186, 2, 113, 172, 128, 167, 30, 52, 199, 200, 7, 57, 189, 53, 183, 154, 95, 99, 76, 163, 105, 92, 197, 19, 39, 74, 71, 211, 110, 72, 85, 178, 140, 166, 158, 141, 138, 153, 152, 222, 185, 157, 168, 47, 93, 33, 68, 198, 114, 165, 139, 144, 162, 174, 27, 196, 21, 73, 122, 31, 96, 78, 214, 126, 124, 204, 11, 43, 1, 194, 12, 46, 41, 55, 23, 26, 28, 80, 44, 49, 123, 170, 66, 188, 121, 79, 25, 35, 125, 115, 111, 187, 51, 130, 145, 156, 62, 175, 159, 201, 213, 84, 45, 182, 146, 179, 48, 112, 103, 210, 88, 218, 192, 107, 221, 136, 135, 129, 209, 58, 120, 177, 205, 224, 37, 82, 97, 81, 150, 10, 70, 8, 6, 42, 90, 36, 217, 29, 161, 142, 137, 151, 127, 181, 104, 91, 75, 100, 149, 212, 219, 216, 16, 143, 108, 98, 63, 206, 86, 155, 83, 69, 160, 60, 118, 64, 184, 193, 190, 223, 59, 207, 225, 215, 173, 148, 133, 20, 4, 203, 134, 164, 15, 18, 3, 171, 67, 132, 147, 169, 220, 101, 117, 176, 109, 87, 102, 131, 9, 208, 40, 191, 195, 50]",29240.448130082634,3859.0,6.5772086369739915,795
"[178, 120, 222, 103, 108, 187, 190, 1, 196, 207, 124, 211, 160, 155, 157, 174, 193, 14, 195, 194, 168, 129, 24, 94, 209, 96, 22, 19, 32, 130, 146, 159, 184, 51, 100, 30, 78, 149, 112, 72, 105, 137, 141, 192, 89, 145, 138, 132, 139, 183, 54, 61, 5, 3, 205, 42, 35, 20, 93, 40, 46, 151, 161, 142, 214, 83, 16, 66, 216, 102, 213, 118, 81, 131, 215, 15, 104, 13, 74, 6, 11, 82, 70, 156, 165, 113, 176, 154, 189, 224, 115, 210, 60, 127, 134, 85, 220, 140, 180, 121, 208, 98, 88, 126, 63, 182, 170, 147, 164, 152, 55, 167, 111, 97, 91, 117, 153, 107, 101, 79, 36, 45, 185, 188, 47, 41, 44, 203, 95, 90, 136, 31, 57, 199, 204, 39, 34, 26, 80, 84, 92, 38, 29, 186, 122, 169, 50, 114, 67, 219, 25, 52, 53, 17, 202, 221, 75, 128, 218, 175, 125, 181, 109, 116, 86, 135, 143, 65, 12, 144, 162, 201, 150, 197, 179, 58, 69, 71, 9, 163, 158, 171, 173, 62, 106, 77, 217, 59, 172, 166, 68, 123, 177, 212, 225, 49, 48, 133, 206, 191, 10, 21, 23, 87, 64, 27, 223, 148, 110, 73, 33, 37, 2, 8, 7, 99, 56, 43, 200, 76, 28, 18, 4, 198, 119]",30061.933070466996,3859.0,6.7900837187009575,795
"[153, 85, 105, 169, 128, 69, 55, 147, 124, 126, 116, 103, 215, 168, 138, 183, 5, 18, 3, 164, 6, 189, 58, 185, 205, 96, 75, 40, 187, 2, 42, 21, 14, 71, 210, 123, 53, 217, 222, 163, 139, 201, 181, 81, 203, 1, 140, 214, 141, 208, 34, 33, 51, 207, 221, 135, 219, 62, 73, 80, 109, 196, 204, 31, 13, 57, 84, 67, 47, 108, 151, 158, 212, 15, 25, 100, 197, 195, 157, 119, 77, 41, 146, 106, 64, 66, 36, 216, 60, 190, 188, 17, 20, 16, 32, 35, 12, 54, 170, 171, 199, 11, 97, 98, 8, 45, 218, 211, 129, 29, 79, 26, 19, 7, 192, 27, 122, 194, 61, 220, 173, 177, 179, 70, 200, 44, 104, 92, 134, 206, 76, 101, 10, 37, 28, 63, 127, 136, 167, 90, 88, 156, 154, 191, 9, 161, 59, 186, 155, 182, 224, 22, 39, 118, 175, 4, 50, 74, 52, 223, 148, 142, 137, 172, 160, 110, 111, 65, 165, 213, 38, 225, 49, 131, 144, 180, 114, 43, 46, 130, 83, 115, 56, 87, 93, 132, 145, 184, 120, 112, 159, 107, 176, 174, 117, 209, 198, 95, 113, 133, 150, 125, 178, 143, 162, 166, 86, 94, 202, 89, 68, 91, 82, 30, 99, 152, 121, 78, 23, 24, 48, 193, 72, 102, 149]",29974.007938235412,3859.0,6.76729928433154,795
"[49, 2, 116, 196, 204, 12, 168, 123, 173, 114, 72, 75, 73, 185, 119, 132, 86, 19, 4, 220, 43, 24, 29, 96, 31, 51, 169, 181, 84, 99, 85, 88, 108, 106, 131, 135, 8, 225, 200, 44, 5, 121, 62, 91, 118, 223, 117, 171, 175, 33, 40, 89, 145, 134, 105, 115, 30, 159, 103, 222, 158, 162, 138, 143, 150, 213, 125, 126, 74, 216, 194, 111, 53, 188, 48, 52, 70, 87, 179, 25, 23, 197, 13, 28, 190, 67, 218, 45, 127, 183, 47, 27, 92, 120, 98, 17, 22, 211, 95, 148, 38, 46, 192, 104, 180, 149, 152, 160, 144, 151, 224, 6, 42, 58, 63, 206, 9, 37, 39, 1, 21, 217, 166, 165, 141, 76, 201, 156, 113, 64, 7, 170, 154, 212, 124, 109, 35, 81, 82, 157, 174, 77, 15, 137, 112, 122, 60, 41, 198, 133, 97, 68, 176, 153, 69, 140, 147, 182, 55, 161, 155, 136, 90, 221, 214, 178, 177, 50, 195, 163, 167, 14, 16, 130, 101, 207, 199, 187, 3, 34, 202, 93, 57, 193, 110, 128, 32, 209, 219, 61, 205, 80, 102, 215, 79, 10, 203, 94, 210, 100, 146, 129, 142, 172, 184, 191, 189, 107, 139, 164, 83, 36, 71, 59, 26, 208, 56, 186, 11, 78, 18, 20, 66, 54, 65]",30119.409335977954,3859.0,6.804977801497268,795
"[128, 69, 40, 205, 79, 23, 96, 125, 167, 187, 73, 28, 102, 62, 177, 112, 116, 71, 58, 97, 10, 26, 215, 155, 173, 174, 165, 63, 43, 1, 162, 180, 18, 12, 208, 59, 65, 80, 29, 147, 212, 146, 101, 67, 46, 54, 117, 47, 188, 45, 191, 120, 64, 204, 22, 131, 103, 21, 20, 68, 15, 76, 78, 16, 4, 24, 194, 217, 6, 72, 61, 98, 179, 138, 142, 2, 74, 225, 209, 75, 32, 210, 141, 145, 166, 143, 110, 8, 108, 220, 121, 36, 38, 181, 60, 195, 197, 42, 27, 198, 41, 192, 56, 207, 170, 182, 189, 51, 222, 130, 37, 201, 151, 178, 183, 119, 169, 19, 5, 123, 223, 30, 35, 82, 90, 104, 219, 206, 203, 34, 33, 53, 17, 25, 11, 190, 193, 149, 172, 115, 113, 39, 55, 44, 185, 50, 184, 95, 48, 49, 175, 171, 99, 87, 218, 196, 118, 114, 124, 106, 91, 100, 77, 105, 88, 199, 122, 148, 163, 129, 164, 109, 221, 13, 31, 224, 66, 84, 81, 127, 111, 144, 140, 86, 7, 3, 200, 214, 160, 70, 186, 133, 132, 157, 137, 152, 136, 211, 89, 213, 154, 159, 107, 93, 83, 176, 216, 168, 153, 158, 57, 9, 202, 52, 94, 14, 85, 134, 126, 92, 135, 139, 161, 150, 156]",29966.257157108386,3859.0,6.76529078961088,795
"[28, 136, 181, 36, 2, 88, 53, 10, 200, 67, 146, 150, 56, 94, 75, 107, 157, 161, 155, 142, 134, 126, 154, 156, 108, 128, 115, 41, 172, 173, 23, 6, 17, 20, 25, 55, 192, 3, 198, 7, 185, 27, 51, 9, 199, 74, 12, 168, 183, 63, 76, 89, 213, 141, 110, 121, 109, 60, 191, 13, 79, 40, 32, 105, 212, 179, 170, 186, 143, 73, 35, 58, 215, 68, 62, 111, 124, 103, 118, 90, 83, 95, 29, 34, 204, 44, 196, 123, 206, 86, 113, 178, 100, 222, 162, 149, 193, 31, 33, 220, 96, 87, 84, 69, 46, 190, 167, 148, 221, 15, 98, 72, 4, 18, 203, 39, 49, 116, 71, 66, 130, 57, 59, 114, 165, 211, 104, 19, 1, 219, 133, 61, 106, 26, 80, 16, 38, 131, 207, 188, 125, 144, 135, 24, 217, 216, 209, 102, 159, 164, 177, 30, 22, 208, 42, 195, 45, 218, 43, 52, 153, 214, 132, 210, 82, 37, 145, 166, 152, 120, 224, 112, 175, 119, 182, 174, 147, 187, 99, 81, 65, 171, 158, 140, 138, 78, 225, 180, 163, 137, 201, 205, 194, 54, 91, 92, 85, 160, 139, 127, 129, 93, 77, 197, 48, 189, 47, 223, 151, 14, 202, 101, 64, 176, 184, 50, 5, 117, 11, 21, 8, 122, 169, 70, 97]",28532.89127018421,3859.0,6.393856250371653,795
"[20, 69, 92, 94, 80, 138, 86, 85, 61, 196, 109, 190, 176, 120, 119, 60, 163, 153, 64, 58, 177, 117, 104, 203, 6, 199, 50, 200, 96, 202, 12, 44, 48, 114, 129, 185, 118, 181, 142, 131, 183, 213, 208, 87, 125, 7, 172, 52, 158, 145, 160, 137, 77, 34, 210, 150, 218, 72, 223, 62, 122, 144, 99, 13, 219, 130, 53, 68, 148, 147, 47, 79, 27, 124, 194, 3, 198, 136, 152, 112, 212, 166, 127, 2, 214, 182, 65, 51, 8, 14, 204, 29, 30, 55, 217, 32, 186, 15, 18, 16, 146, 167, 26, 216, 75, 221, 162, 201, 209, 161, 135, 149, 93, 74, 195, 133, 46, 1, 19, 71, 110, 121, 115, 76, 70, 174, 108, 168, 211, 159, 132, 220, 35, 9, 184, 169, 42, 36, 17, 197, 5, 56, 57, 171, 224, 88, 154, 178, 179, 116, 187, 100, 54, 103, 90, 82, 151, 113, 66, 222, 45, 24, 23, 43, 10, 28, 97, 141, 156, 207, 192, 193, 41, 37, 59, 89, 126, 155, 102, 180, 111, 191, 39, 225, 175, 22, 21, 11, 215, 38, 63, 164, 91, 189, 128, 143, 107, 105, 134, 139, 78, 140, 188, 40, 31, 98, 73, 33, 95, 81, 157, 101, 84, 206, 170, 173, 205, 106, 123, 165, 49, 83, 67, 25, 4]",30981.380232514013,3859.0,7.028344190856184,795
"[16, 203, 15, 134, 100, 11, 204, 151, 95, 33, 75, 137, 163, 122, 27, 196, 52, 225, 57, 157, 211, 220, 85, 138, 161, 217, 93, 26, 20, 19, 1, 48, 111, 6, 5, 117, 118, 102, 120, 53, 8, 7, 10, 180, 189, 77, 51, 110, 62, 182, 156, 124, 224, 199, 42, 43, 46, 65, 185, 152, 140, 125, 12, 133, 195, 79, 23, 197, 181, 172, 132, 153, 168, 81, 150, 167, 206, 32, 162, 174, 109, 121, 131, 183, 170, 212, 208, 13, 210, 175, 221, 143, 139, 145, 141, 154, 99, 28, 126, 155, 193, 36, 35, 25, 198, 176, 173, 169, 86, 31, 70, 47, 98, 113, 178, 191, 218, 39, 64, 130, 104, 71, 192, 18, 207, 202, 74, 200, 49, 44, 30, 188, 205, 91, 166, 82, 41, 22, 37, 24, 80, 135, 160, 105, 103, 40, 63, 187, 171, 97, 78, 112, 123, 17, 4, 129, 136, 201, 116, 184, 177, 179, 114, 223, 61, 194, 45, 58, 87, 149, 84, 29, 34, 3, 14, 222, 215, 142, 90, 56, 115, 144, 214, 159, 148, 68, 101, 50, 164, 158, 186, 2, 73, 219, 96, 83, 119, 128, 106, 89, 107, 69, 165, 54, 55, 59, 94, 9, 190, 147, 146, 213, 88, 72, 67, 108, 60, 76, 66, 127, 216, 21, 92, 209, 38]",29733.92553226724,3859.0,6.705085652310764,795
"[121, 170, 124, 110, 89, 109, 201, 73, 102, 99, 53, 142, 182, 160, 91, 11, 132, 178, 126, 76, 206, 33, 34, 87, 104, 95, 216, 209, 131, 214, 19, 198, 203, 26, 225, 199, 75, 32, 52, 54, 29, 14, 35, 18, 195, 220, 200, 96, 57, 67, 88, 93, 177, 41, 5, 222, 137, 129, 92, 213, 30, 146, 163, 103, 78, 217, 94, 72, 180, 179, 176, 191, 15, 82, 83, 61, 59, 74, 51, 143, 144, 155, 185, 150, 123, 197, 106, 81, 202, 28, 156, 211, 85, 128, 86, 189, 205, 175, 192, 10, 50, 49, 12, 38, 64, 196, 55, 56, 46, 148, 165, 130, 136, 116, 134, 4, 45, 193, 21, 31, 84, 7, 118, 138, 127, 122, 172, 174, 181, 43, 24, 79, 223, 105, 140, 183, 113, 190, 117, 9, 8, 65, 151, 139, 63, 112, 36, 23, 39, 204, 60, 133, 25, 3, 101, 215, 70, 167, 66, 58, 159, 157, 152, 147, 145, 114, 164, 119, 48, 40, 16, 20, 13, 120, 184, 188, 194, 6, 162, 161, 107, 186, 169, 212, 80, 207, 115, 68, 158, 153, 135, 154, 62, 71, 125, 149, 111, 22, 208, 219, 100, 90, 97, 27, 37, 69, 166, 210, 98, 42, 44, 1, 221, 141, 108, 187, 47, 173, 171, 168, 77, 17, 218, 224, 2]",29982.238126236254,3859.0,6.769432009908332,795
