Results,ObjectiveFunction,Error,Calls
"[38, 19, 23, 21, 6, 13, 48, 31, 28, 47, 43, 46, 30, 34, 33, 27, 41, 37, 44, 17, 40, 36, 39, 18, 25, 7, 11, 24, 1, 5, 3, 4, 2, 45, 14, 12, 29, 15, 32, 20, 22, 35, 16, 26, 8, 10, 9, 42]",68610.57097853071,0.642575606881055,18120
"[1, 5, 14, 11, 7, 13, 6, 16, 26, 4, 10, 9, 48, 44, 30, 41, 37, 40, 27, 47, 43, 46, 17, 22, 35, 31, 32, 28, 34, 33, 19, 23, 15, 24, 3, 29, 12, 21, 18, 25, 20, 39, 36, 38, 42, 8, 45, 2]",73532.03417558907,0.6169374148156334,18120
"[25, 18, 21, 20, 39, 38, 42, 9, 10, 8, 24, 1, 34, 30, 40, 28, 33, 27, 36, 17, 22, 35, 16, 26, 14, 6, 41, 45, 2, 4, 3, 5, 29, 11, 23, 19, 46, 43, 47, 37, 44, 7, 13, 12, 48, 31, 32, 15]",73554.66159258704,0.616819538070505,19650
"[26, 9, 42, 14, 7, 38, 40, 30, 34, 28, 41, 36, 39, 20, 25, 18, 23, 19, 21, 15, 29, 11, 6, 13, 5, 1, 24, 12, 32, 31, 48, 33, 27, 44, 37, 46, 43, 47, 17, 22, 35, 16, 45, 2, 4, 3, 10, 8]",67383.03360639085,0.6489704203042693,18120
"[44, 48, 12, 25, 20, 32, 15, 29, 5, 3, 4, 1, 2, 35, 11, 7, 13, 34, 33, 28, 31, 19, 21, 18, 39, 36, 46, 17, 23, 6, 14, 24, 8, 10, 9, 47, 30, 40, 37, 38, 42, 16, 26, 22, 45, 41, 27, 43]",77771.84643558362,0.5948502596972041,19020
"[10, 8, 26, 11, 48, 44, 43, 46, 15, 32, 28, 34, 30, 31, 6, 14, 12, 13, 7, 25, 18, 21, 20, 41, 27, 33, 17, 22, 45, 38, 42, 1, 4, 2, 35, 16, 24, 9, 39, 36, 40, 37, 47, 19, 23, 29, 3, 5]",75340.81332186425,0.607514642501934,18930
"[33, 39, 20, 29, 12, 13, 22, 19, 23, 17, 31, 32, 15, 21, 18, 47, 27, 36, 38, 42, 3, 4, 1, 5, 24, 11, 25, 7, 8, 10, 9, 48, 44, 43, 46, 37, 40, 28, 41, 45, 2, 35, 16, 26, 14, 6, 34, 30]",73653.65654195315,0.6163038273105684,18480
"[6, 16, 45, 41, 33, 17, 22, 26, 8, 10, 2, 35, 34, 27, 40, 15, 42, 5, 1, 4, 3, 47, 43, 46, 37, 38, 48, 12, 13, 7, 11, 29, 28, 30, 44, 36, 39, 31, 32, 20, 25, 18, 21, 19, 23, 24, 9, 14]",79642.85097860322,0.5851033263344015,17940
"[22, 26, 4, 3, 34, 30, 33, 19, 23, 18, 25, 12, 21, 6, 46, 27, 47, 43, 5, 1, 24, 14, 7, 13, 11, 29, 20, 32, 31, 48, 15, 45, 2, 35, 16, 42, 38, 37, 41, 28, 40, 8, 10, 9, 39, 36, 44, 17]",84412.99332448769,0.5602534350020258,19920
"[5, 24, 22, 18, 39, 33, 30, 34, 28, 41, 27, 31, 32, 11, 46, 43, 47, 19, 36, 38, 42, 9, 29, 15, 23, 17, 40, 37, 44, 48, 12, 25, 20, 21, 7, 13, 6, 14, 45, 16, 35, 2, 4, 3, 10, 8, 26, 1]",68292.37292699676,0.6442332486094228,18390
"[27, 44, 48, 15, 32, 31, 39, 7, 33, 18, 25, 9, 24, 5, 3, 4, 23, 21, 20, 19, 40, 42, 11, 29, 12, 14, 6, 13, 8, 10, 1, 2, 45, 41, 37, 46, 43, 47, 17, 22, 26, 16, 35, 34, 30, 36, 28, 38]",78449.2547319603,0.5913213246399235,18930
"[23, 3, 8, 2, 27, 20, 14, 15, 24, 13, 28, 16, 19, 21, 18, 11, 22, 29, 17, 26, 7, 9, 1, 12, 10, 25, 5, 4, 6]",9036.824663564077,0.6782477341389728,20640
"[6, 5, 23, 3, 8, 1, 25, 26, 22, 14, 7, 9, 19, 15, 21, 18, 11, 29, 17, 20, 24, 27, 2, 12, 10, 16, 28, 13, 4]",9800.49998724555,0.6510574018126889,18750
"[11, 29, 22, 26, 7, 9, 4, 6, 2, 8, 3, 24, 20, 17, 18, 21, 19, 16, 13, 25, 10, 12, 1, 23, 5, 27, 28, 15, 14]",8697.413408594532,0.6903323262839881,17940
"[20, 17, 29, 11, 12, 10, 25, 26, 22, 14, 21, 23, 3, 8, 1, 16, 24, 13, 28, 18, 19, 15, 7, 9, 2, 6, 4, 5, 27]",10281.3325984524,0.6339375629405841,19290
"[5, 23, 21, 18, 19, 4, 6, 1, 12, 10, 25, 29, 11, 22, 26, 17, 20, 27, 2, 8, 3, 24, 13, 16, 28, 15, 14, 7, 9]",9729.789309126892,0.6535750251762337,18840
"[14, 15, 28, 1, 27, 24, 20, 17, 26, 22, 29, 7, 9, 23, 3, 8, 5, 12, 10, 25, 13, 16, 2, 6, 4, 19, 21, 18, 11]",9107.535341682731,0.6757301107754281,20100
"[9, 4, 6, 2, 24, 25, 29, 22, 14, 15, 19, 16, 13, 28, 10, 12, 1, 8, 5, 23, 21, 18, 17, 26, 11, 20, 27, 3, 7]",9036.824663564075,0.6782477341389729,18570
"[27, 24, 16, 13, 28, 10, 12, 4, 6, 1, 8, 5, 23, 3, 19, 15, 21, 18, 17, 20, 25, 29, 22, 26, 11, 14, 7, 9, 2]",8640.84486609961,0.6923464249748238,18930
"[20, 28, 10, 16, 19, 29, 11, 12, 1, 6, 4, 9, 5, 8, 3, 23, 21, 18, 17, 22, 26, 25, 13, 24, 27, 2, 7, 15, 14]",10451.038225937173,0.6278952668680765,18390
"[4, 6, 2, 8, 5, 23, 21, 18, 11, 29, 25, 13, 16, 1, 9, 7, 15, 14, 22, 26, 17, 20, 28, 10, 12, 3, 27, 24, 19]",9715.647173503161,0.6540785498489426,19200
"[29, 22, 26, 14, 21, 19, 4, 6, 8, 2, 9, 7, 15, 11, 12, 10, 28, 16, 13, 24, 18, 17, 20, 27, 3, 23, 5, 1, 25]",10465.180361560902,0.6273917421953676,17850
"[130, 108, 55, 47, 34, 27, 104, 124, 24, 80, 93, 61, 106, 72, 121, 39, 2, 81, 56, 40, 144, 94, 57, 7, 137, 148, 142, 3, 26, 70, 127, 18, 36, 59, 32, 85, 102, 100, 22, 74, 76, 116, 134, 92, 88, 44, 41, 37, 120, 95, 31, 62, 105, 43, 25, 46, 77, 126, 101, 29, 50, 53, 54, 35, 86, 84, 110, 19, 58, 8, 12, 14, 123, 149, 17, 119, 66, 150, 136, 15, 133, 21, 52, 11, 128, 68, 60, 115, 112, 38, 97, 139, 89, 64, 23, 33, 51, 30, 132, 98, 91, 103, 135, 107, 114, 118, 75, 10, 83, 20, 1, 140, 99, 82, 13, 87, 117, 90, 78, 145, 125, 143, 122, 28, 65, 9, 109, 63, 138, 147, 113, 71, 49, 96, 129, 42, 67, 146, 16, 111, 131, 48, 45, 4, 79, 69, 5, 6, 141, 73]",7270.404335547478,0.845078117176095,17040
"[100, 114, 120, 26, 66, 84, 4, 143, 148, 137, 83, 135, 29, 50, 130, 65, 46, 134, 121, 115, 112, 32, 80, 69, 72, 12, 129, 54, 51, 6, 141, 28, 132, 110, 97, 61, 5, 81, 7, 20, 1, 57, 34, 101, 42, 90, 73, 31, 76, 116, 2, 55, 37, 18, 99, 108, 86, 19, 41, 125, 146, 48, 67, 63, 17, 103, 60, 119, 68, 82, 102, 30, 43, 77, 85, 9, 25, 109, 35, 14, 126, 111, 131, 94, 138, 47, 58, 8, 39, 91, 71, 98, 13, 104, 149, 140, 124, 38, 33, 10, 49, 106, 150, 136, 24, 133, 78, 147, 88, 93, 22, 89, 11, 44, 62, 145, 79, 144, 139, 95, 118, 70, 56, 3, 142, 105, 15, 16, 27, 87, 74, 53, 92, 40, 75, 127, 107, 64, 96, 23, 59, 122, 123, 36, 113, 45, 128, 117, 52, 21]",7549.55021873019,0.8391299190004085,17400
"[17, 48, 56, 46, 10, 131, 52, 145, 150, 144, 149, 91, 44, 121, 72, 69, 78, 24, 79, 147, 120, 58, 34, 101, 124, 135, 95, 57, 96, 28, 18, 19, 39, 119, 117, 2, 20, 85, 76, 141, 37, 51, 30, 55, 25, 129, 92, 3, 23, 33, 38, 6, 109, 90, 118, 70, 139, 50, 114, 100, 11, 13, 87, 68, 60, 125, 71, 123, 88, 61, 93, 21, 59, 75, 127, 26, 81, 35, 41, 84, 140, 102, 82, 108, 7, 110, 1, 29, 132, 63, 4, 8, 12, 111, 53, 77, 43, 9, 138, 89, 64, 22, 136, 80, 105, 40, 54, 134, 42, 83, 137, 99, 5, 148, 97, 14, 112, 113, 27, 73, 86, 130, 107, 45, 31, 103, 66, 128, 104, 115, 106, 49, 143, 36, 126, 116, 65, 47, 67, 133, 62, 122, 94, 142, 16, 15, 146, 32, 74, 98]",7548.171603889494,0.8391592953042496,16860
"[42, 56, 110, 103, 139, 50, 130, 100, 49, 104, 113, 116, 2, 85, 46, 25, 117, 150, 128, 60, 88, 45, 115, 41, 6, 29, 8, 101, 143, 11, 79, 61, 93, 80, 14, 59, 36, 52, 83, 108, 70, 127, 107, 64, 84, 57, 91, 71, 89, 135, 87, 120, 55, 35, 51, 37, 141, 126, 16, 72, 96, 129, 20, 54, 147, 40, 142, 94, 105, 144, 73, 81, 58, 48, 146, 122, 15, 133, 69, 5, 114, 118, 97, 23, 3, 18, 99, 137, 26, 53, 92, 32, 124, 38, 136, 131, 10, 132, 86, 1, 19, 39, 106, 119, 27, 34, 47, 138, 63, 44, 62, 77, 112, 21, 121, 123, 78, 111, 24, 31, 98, 140, 82, 148, 102, 95, 66, 68, 149, 13, 22, 75, 12, 7, 4, 30, 109, 134, 28, 65, 9, 43, 145, 125, 17, 76, 74, 67, 33, 90]",7224.511418446551,0.846056029379794,17670
"[35, 49, 76, 13, 62, 72, 100, 41, 34, 67, 111, 123, 121, 134, 144, 113, 131, 47, 77, 3, 92, 88, 146, 89, 137, 99, 95, 60, 104, 128, 91, 45, 84, 66, 115, 124, 69, 74, 23, 143, 11, 59, 57, 8, 116, 86, 135, 139, 145, 38, 9, 141, 81, 48, 31, 15, 16, 147, 150, 17, 103, 118, 114, 82, 102, 5, 42, 65, 37, 19, 70, 30, 32, 126, 39, 96, 14, 12, 26, 29, 140, 98, 101, 93, 21, 78, 112, 61, 63, 129, 109, 52, 22, 33, 90, 10, 4, 7, 130, 85, 2, 51, 25, 43, 105, 80, 79, 44, 71, 107, 36, 18, 28, 83, 132, 87, 117, 125, 106, 64, 94, 27, 20, 6, 55, 46, 54, 138, 73, 68, 119, 149, 136, 122, 40, 142, 148, 50, 127, 1, 24, 133, 53, 56, 58, 110, 108, 97, 120, 75]",7845.229413353185,0.8328294196844511,16950
"[12, 133, 145, 59, 146, 118, 107, 21, 33, 41, 35, 138, 73, 144, 139, 108, 30, 27, 119, 13, 22, 112, 115, 136, 67, 46, 29, 26, 120, 5, 11, 44, 89, 109, 37, 43, 2, 20, 25, 9, 129, 143, 148, 95, 66, 149, 39, 121, 122, 78, 124, 57, 71, 4, 82, 102, 58, 6, 51, 83, 52, 36, 79, 14, 96, 61, 50, 8, 132, 63, 77, 3, 18, 28, 142, 48, 85, 40, 147, 150, 45, 88, 49, 87, 101, 113, 131, 94, 123, 15, 80, 62, 17, 91, 60, 55, 10, 93, 32, 64, 38, 97, 137, 99, 70, 1, 24, 111, 134, 47, 19, 81, 7, 127, 75, 16, 74, 76, 130, 86, 54, 92, 23, 106, 125, 68, 104, 128, 117, 84, 116, 126, 69, 65, 42, 90, 141, 105, 53, 72, 100, 114, 140, 98, 110, 34, 31, 103, 135, 56]",8111.465957327209,0.8271563010014474,17670
"[138, 76, 116, 25, 28, 18, 102, 130, 5, 6, 43, 105, 15, 146, 12, 142, 33, 65, 118, 58, 127, 70, 1, 47, 26, 36, 143, 23, 145, 59, 72, 106, 64, 115, 112, 78, 77, 53, 67, 48, 45, 31, 150, 66, 103, 74, 82, 114, 135, 37, 117, 54, 90, 141, 63, 81, 29, 19, 55, 2, 51, 35, 24, 136, 149, 60, 119, 68, 98, 110, 84, 44, 124, 61, 97, 69, 80, 95, 140, 99, 50, 148, 75, 40, 49, 71, 107, 17, 128, 41, 9, 20, 144, 88, 4, 7, 39, 100, 139, 8, 101, 121, 104, 91, 125, 27, 113, 131, 92, 129, 3, 56, 16, 133, 38, 10, 32, 30, 13, 34, 137, 83, 42, 46, 85, 52, 14, 93, 21, 111, 147, 62, 123, 79, 11, 96, 132, 89, 57, 94, 134, 22, 126, 122, 109, 73, 86, 108, 87, 120]",7289.99395742532,0.8446606904464309,17670
"[57, 89, 39, 26, 47, 138, 20, 65, 42, 85, 148, 100, 21, 52, 129, 105, 12, 136, 24, 77, 59, 14, 80, 124, 72, 51, 37, 43, 6, 141, 10, 134, 92, 46, 90, 132, 2, 101, 143, 11, 106, 113, 142, 40, 8, 116, 9, 27, 82, 99, 1, 25, 38, 33, 54, 36, 97, 69, 93, 15, 146, 79, 32, 74, 76, 135, 19, 81, 117, 96, 120, 86, 29, 7, 110, 108, 102, 130, 150, 112, 121, 23, 87, 64, 22, 75, 16, 131, 133, 78, 61, 115, 104, 125, 31, 48, 109, 73, 13, 34, 17, 128, 66, 50, 18, 3, 145, 67, 28, 83, 139, 70, 127, 147, 94, 144, 111, 49, 84, 44, 68, 119, 91, 149, 140, 98, 137, 103, 114, 107, 45, 63, 60, 56, 118, 58, 30, 55, 35, 41, 71, 95, 62, 123, 88, 4, 5, 53, 122, 126]",7639.351283582301,0.8372163871795634,17220
"[2, 141, 126, 32, 28, 109, 63, 67, 93, 14, 136, 77, 105, 134, 111, 94, 138, 52, 38, 74, 82, 102, 99, 120, 29, 132, 37, 85, 51, 144, 62, 60, 107, 130, 95, 148, 142, 42, 131, 113, 64, 21, 112, 53, 19, 50, 118, 26, 135, 65, 6, 25, 147, 96, 101, 48, 55, 114, 139, 70, 108, 58, 30, 47, 35, 22, 80, 143, 39, 7, 24, 133, 54, 3, 18, 36, 123, 59, 146, 15, 16, 75, 127, 97, 23, 124, 137, 86, 73, 27, 10, 4, 106, 41, 44, 100, 110, 56, 40, 92, 79, 145, 116, 89, 72, 84, 66, 119, 31, 91, 103, 140, 98, 13, 87, 68, 125, 104, 115, 121, 11, 150, 45, 17, 149, 128, 61, 5, 69, 78, 122, 88, 71, 49, 76, 81, 1, 12, 33, 90, 46, 129, 20, 8, 43, 9, 83, 117, 34, 57]",6998.480227965814,0.8508724296775042,17490
"[146, 16, 49, 63, 141, 48, 55, 86, 34, 108, 75, 135, 87, 31, 10, 32, 80, 40, 52, 134, 142, 42, 65, 127, 114, 120, 58, 2, 20, 67, 33, 38, 28, 46, 85, 130, 107, 148, 100, 24, 92, 59, 77, 53, 147, 101, 76, 81, 56, 118, 95, 139, 19, 39, 121, 145, 79, 72, 82, 99, 137, 124, 43, 35, 109, 9, 70, 50, 69, 105, 78, 111, 14, 143, 104, 13, 73, 83, 140, 150, 144, 3, 90, 54, 129, 6, 23, 97, 22, 136, 112, 128, 123, 125, 126, 122, 21, 96, 57, 89, 11, 93, 51, 131, 12, 26, 29, 7, 132, 84, 71, 44, 94, 45, 115, 27, 62, 74, 15, 133, 61, 106, 41, 91, 119, 17, 103, 110, 1, 47, 138, 25, 116, 8, 4, 30, 117, 149, 68, 98, 66, 113, 60, 5, 37, 102, 18, 36, 64, 88]",7320.64219799761,0.8440076204223218,17130
"[110, 7, 90, 42, 29, 57, 89, 4, 71, 84, 117, 76, 116, 99, 137, 98, 140, 124, 80, 22, 77, 62, 72, 150, 31, 95, 27, 3, 126, 125, 112, 23, 6, 141, 37, 85, 41, 88, 38, 28, 145, 118, 97, 61, 93, 67, 47, 19, 20, 8, 101, 133, 24, 75, 139, 87, 68, 128, 106, 149, 66, 5, 148, 82, 17, 48, 65, 54, 138, 46, 33, 131, 51, 25, 135, 73, 13, 103, 91, 60, 119, 104, 74, 16, 122, 10, 134, 96, 129, 105, 115, 45, 107, 114, 56, 32, 59, 144, 113, 11, 143, 30, 58, 108, 86, 127, 102, 100, 130, 50, 120, 70, 1, 39, 121, 142, 111, 78, 146, 79, 147, 52, 21, 35, 43, 34, 55, 2, 12, 64, 49, 40, 92, 132, 81, 9, 109, 123, 94, 44, 14, 15, 26, 53, 136, 69, 18, 36, 63, 83]",8040.903582017397,0.8286598839570851,17400
"[5, 41, 29, 72, 100, 4, 98, 93, 99, 25, 85, 96, 55, 97, 37, 2, 19, 54, 87, 40, 92, 95, 17, 32, 67, 63, 26, 43, 46, 14, 84, 90, 77, 48, 80, 47, 51, 1, 56, 33, 76, 31, 81, 79, 9, 35, 11, 24, 20, 65, 62, 61, 15, 49, 71, 70, 53, 94, 58, 89, 13, 88, 59, 82, 39, 83, 75, 69, 45, 22, 50, 34, 68, 101, 28, 18, 30, 27, 74, 3, 73, 52, 16, 60, 42, 44, 64, 21, 8, 66, 7, 12, 57, 91, 86, 38, 23, 36, 78, 10, 6]",462.4478348960023,0.837394331178518,18030
"[3, 20, 25, 11, 24, 101, 17, 63, 65, 35, 30, 55, 88, 26, 90, 68, 7, 75, 1, 66, 31, 77, 48, 74, 8, 51, 80, 62, 58, 95, 40, 96, 13, 6, 57, 28, 70, 81, 33, 29, 19, 71, 36, 15, 16, 64, 37, 85, 89, 5, 2, 93, 73, 100, 92, 4, 60, 39, 9, 56, 61, 94, 97, 98, 91, 99, 86, 43, 46, 50, 76, 34, 79, 78, 32, 12, 52, 14, 44, 83, 22, 84, 67, 49, 38, 45, 59, 21, 42, 82, 72, 69, 18, 53, 87, 54, 10, 23, 47, 41, 27]",428.50670939904796,0.8493286921929388,18930
"[26, 87, 93, 4, 6, 13, 88, 53, 28, 69, 12, 32, 35, 9, 77, 34, 81, 31, 24, 27, 66, 7, 51, 80, 36, 39, 44, 84, 75, 33, 71, 78, 10, 65, 63, 17, 101, 5, 89, 90, 54, 62, 68, 48, 72, 8, 56, 61, 42, 91, 92, 96, 21, 82, 55, 94, 59, 97, 98, 37, 16, 60, 2, 19, 23, 38, 86, 25, 11, 67, 100, 95, 58, 18, 20, 29, 70, 45, 22, 43, 46, 15, 85, 99, 40, 52, 73, 83, 57, 64, 14, 49, 41, 47, 79, 30, 1, 76, 50, 74, 3]",444.0630585851519,0.843858776727996,18480
"[96, 92, 84, 41, 18, 22, 3, 50, 75, 69, 53, 90, 45, 23, 48, 42, 40, 93, 2, 19, 80, 101, 76, 7, 68, 74, 83, 57, 61, 97, 16, 14, 64, 59, 88, 26, 24, 10, 71, 78, 36, 65, 9, 33, 77, 79, 47, 39, 30, 1, 66, 49, 38, 46, 70, 28, 27, 12, 95, 100, 86, 15, 6, 32, 67, 63, 13, 37, 99, 87, 5, 43, 17, 94, 58, 89, 55, 62, 81, 34, 11, 4, 98, 91, 21, 8, 20, 35, 54, 51, 31, 56, 82, 44, 60, 25, 52, 73, 29, 72, 85]",465.2762620207484,0.8363998010939829,17490
"[67, 82, 56, 31, 77, 48, 22, 44, 64, 42, 26, 3, 21, 1, 76, 34, 71, 62, 61, 57, 28, 69, 72, 8, 75, 83, 39, 19, 78, 81, 30, 29, 32, 27, 41, 86, 38, 45, 53, 46, 15, 17, 88, 58, 59, 94, 84, 14, 63, 54, 47, 43, 37, 96, 97, 99, 95, 13, 5, 90, 18, 16, 60, 87, 100, 93, 40, 70, 80, 9, 35, 65, 20, 25, 11, 4, 98, 55, 89, 6, 10, 79, 7, 12, 101, 24, 33, 66, 52, 73, 91, 2, 92, 85, 74, 50, 51, 68, 36, 23, 49]",417.19300090006305,0.8533068125310791,17850
"[85, 74, 88, 13, 95, 58, 12, 69, 68, 62, 59, 92, 55, 97, 5, 60, 79, 9, 7, 77, 47, 14, 83, 72, 98, 87, 93, 86, 43, 46, 66, 67, 63, 65, 36, 54, 101, 6, 90, 84, 38, 15, 17, 52, 73, 82, 37, 16, 94, 61, 89, 4, 42, 100, 91, 2, 11, 35, 80, 48, 76, 50, 53, 28, 40, 29, 30, 39, 44, 99, 25, 20, 81, 78, 19, 71, 70, 18, 27, 24, 57, 64, 56, 31, 33, 75, 1, 51, 8, 22, 45, 41, 49, 23, 10, 34, 32, 26, 3, 21, 96]",425.67828227430175,0.8503232222774739,18030
"[26, 52, 73, 3, 76, 81, 35, 10, 71, 51, 1, 77, 31, 66, 19, 16, 37, 60, 101, 12, 27, 53, 63, 5, 95, 13, 62, 78, 30, 18, 22, 86, 38, 23, 49, 67, 11, 34, 39, 45, 70, 28, 41, 8, 69, 74, 46, 43, 2, 82, 57, 85, 25, 98, 97, 93, 56, 47, 54, 89, 94, 59, 55, 9, 80, 50, 72, 29, 20, 65, 36, 79, 48, 68, 90, 17, 92, 44, 83, 15, 64, 42, 40, 24, 32, 6, 4, 7, 33, 75, 84, 14, 100, 21, 99, 91, 96, 61, 88, 58, 87]",439.8204178980326,0.8453505718547986,18120
"[3, 51, 54, 63, 21, 48, 81, 70, 28, 8, 41, 18, 40, 42, 61, 2, 88, 17, 87, 5, 31, 56, 85, 74, 52, 13, 97, 84, 75, 83, 44, 64, 65, 20, 71, 36, 79, 33, 50, 76, 7, 77, 46, 23, 1, 26, 89, 101, 45, 43, 37, 59, 22, 49, 55, 92, 95, 96, 73, 82, 39, 9, 78, 32, 24, 58, 94, 93, 72, 69, 68, 62, 53, 27, 30, 34, 80, 47, 38, 86, 15, 16, 60, 90, 6, 4, 11, 35, 10, 67, 100, 25, 99, 98, 91, 14, 19, 66, 29, 57, 12]",456.79098064650987,0.8393833913475882,17400
"[6, 94, 95, 61, 42, 46, 43, 26, 32, 34, 77, 3, 73, 17, 90, 80, 78, 62, 40, 18, 22, 48, 68, 31, 5, 30, 54, 47, 15, 49, 67, 63, 16, 98, 99, 37, 52, 13, 93, 86, 88, 59, 97, 92, 87, 45, 70, 28, 58, 89, 60, 21, 100, 2, 91, 44, 25, 11, 24, 57, 53, 12, 101, 29, 74, 82, 72, 69, 76, 50, 66, 27, 41, 8, 56, 83, 75, 85, 96, 4, 7, 51, 33, 71, 9, 35, 55, 64, 38, 23, 1, 20, 39, 84, 14, 36, 65, 19, 81, 79, 10]",469.5189027078678,0.8349080059671804,17760
"[86, 93, 22, 45, 23, 20, 8, 33, 77, 46, 74, 3, 41, 24, 31, 5, 10, 6, 43, 21, 99, 37, 52, 73, 50, 79, 62, 58, 12, 32, 67, 66, 7, 76, 18, 53, 57, 61, 97, 59, 25, 42, 13, 88, 17, 63, 26, 90, 89, 4, 11, 29, 19, 65, 35, 9, 78, 80, 34, 56, 82, 75, 84, 95, 85, 92, 16, 60, 94, 54, 51, 30, 71, 47, 14, 44, 64, 2, 98, 87, 28, 70, 69, 68, 49, 15, 36, 39, 83, 101, 27, 40, 100, 55, 96, 91, 72, 1, 81, 48, 38]",435.57777721091355,0.8468423669816011,17850
"[58, 63, 60, 101, 83, 15, 49, 55, 35, 65, 47, 14, 18, 70, 80, 97, 17, 31, 81, 34, 20, 24, 89, 6, 5, 13, 92, 85, 44, 43, 21, 42, 64, 59, 39, 61, 22, 8, 41, 29, 11, 2, 82, 57, 84, 90, 53, 62, 79, 10, 78, 36, 23, 45, 74, 91, 98, 25, 96, 95, 40, 27, 30, 71, 9, 7, 66, 52, 16, 37, 4, 100, 56, 50, 51, 46, 38, 48, 76, 33, 77, 68, 19, 67, 86, 99, 72, 93, 73, 88, 26, 32, 28, 69, 75, 1, 3, 12, 87, 54, 94]",449.71991283464445,0.8418697165589257,18300
"[18, 80, 30, 60, 51, 92, 78, 90, 68, 41, 58, 27, 77, 21, 85, 89, 48, 54, 46, 81, 59, 25, 74, 70, 33, 66, 37, 65, 64, 43, 61, 3, 45, 34, 42, 53, 44, 17, 100, 96, 97, 69, 35, 87, 55, 93, 20, 62, 95, 99, 56, 10, 8, 84, 50, 91, 57, 67, 7, 15, 40, 88, 82, 71, 98, 83, 86, 11, 9, 23, 12, 28, 14, 36, 19, 5, 72, 39, 47, 24, 32, 29, 31, 94, 76, 79, 73, 75, 52, 63, 6, 49, 22, 13, 16, 2, 26, 1, 38, 4]",57668.800646450065,0.6951337126281243,17850
"[55, 77, 34, 63, 61, 1, 6, 42, 7, 15, 73, 79, 64, 65, 40, 99, 13, 24, 31, 29, 51, 46, 67, 57, 87, 92, 85, 97, 68, 84, 78, 91, 21, 16, 36, 4, 88, 82, 90, 39, 75, 25, 49, 72, 50, 70, 26, 8, 19, 5, 10, 11, 54, 43, 76, 94, 2, 22, 59, 52, 56, 30, 80, 18, 47, 17, 9, 32, 14, 89, 38, 33, 66, 44, 53, 37, 74, 48, 93, 71, 83, 96, 98, 23, 20, 28, 3, 81, 60, 35, 58, 41, 100, 86, 95, 62, 27, 45, 12, 69]",55295.75028878801,0.7076788504526866,18930
"[100, 15, 86, 98, 96, 97, 85, 20, 61, 92, 34, 40, 66, 44, 29, 89, 83, 91, 71, 95, 57, 41, 45, 12, 93, 55, 73, 84, 50, 70, 26, 94, 54, 48, 77, 35, 51, 80, 6, 19, 65, 64, 3, 42, 18, 31, 30, 90, 76, 88, 37, 87, 21, 1, 56, 28, 49, 25, 74, 39, 72, 58, 46, 60, 23, 14, 63, 22, 2, 38, 33, 53, 8, 7, 11, 47, 9, 32, 24, 4, 79, 78, 82, 99, 69, 43, 67, 62, 17, 16, 13, 36, 5, 10, 81, 59, 52, 75, 68, 27]",59534.1483352202,0.6852725464835485,18480
"[12, 98, 83, 91, 50, 66, 4, 65, 44, 53, 39, 63, 30, 31, 79, 76, 94, 8, 5, 10, 11, 61, 34, 42, 16, 75, 22, 85, 92, 18, 47, 29, 45, 7, 89, 57, 87, 86, 35, 54, 27, 73, 90, 78, 80, 48, 58, 55, 82, 88, 13, 24, 28, 20, 23, 14, 32, 9, 15, 69, 84, 2, 26, 99, 96, 97, 52, 72, 33, 38, 19, 49, 25, 74, 68, 21, 3, 67, 36, 60, 93, 71, 95, 17, 77, 43, 64, 46, 81, 62, 41, 100, 51, 56, 1, 6, 59, 37, 70, 40]",60166.30179760095,0.6819306653109745,18210
"[34, 67, 46, 73, 15, 62, 81, 57, 36, 33, 99, 40, 27, 93, 50, 53, 8, 6, 21, 1, 59, 39, 56, 28, 3, 85, 90, 5, 88, 76, 94, 82, 43, 64, 79, 66, 44, 14, 47, 9, 32, 10, 11, 7, 31, 30, 72, 69, 35, 58, 29, 45, 20, 23, 12, 61, 55, 100, 86, 83, 98, 96, 97, 78, 80, 22, 2, 70, 84, 37, 65, 54, 17, 95, 41, 51, 92, 48, 74, 52, 63, 18, 42, 25, 49, 16, 13, 26, 4, 38, 89, 87, 71, 77, 91, 24, 19, 75, 68, 60]",55451.31378064906,0.7068564635869524,19200
"[3, 54, 70, 50, 59, 40, 17, 14, 28, 20, 81, 97, 96, 98, 41, 87, 27, 77, 46, 80, 52, 74, 29, 47, 39, 49, 63, 48, 62, 95, 99, 85, 35, 69, 57, 89, 9, 11, 10, 2, 22, 13, 24, 42, 7, 32, 18, 4, 36, 45, 34, 58, 21, 1, 8, 72, 68, 75, 16, 19, 5, 90, 78, 93, 43, 60, 23, 12, 67, 55, 64, 65, 33, 84, 25, 26, 53, 79, 73, 94, 76, 88, 66, 44, 15, 51, 92, 30, 100, 86, 83, 91, 71, 82, 61, 38, 37, 56, 6, 31]",60285.09573684028,0.6813026607953231,17670
"[44, 35, 60, 43, 100, 71, 86, 83, 91, 68, 79, 73, 74, 58, 41, 67, 20, 40, 70, 54, 7, 42, 29, 32, 21, 16, 13, 99, 95, 98, 3, 45, 34, 47, 10, 15, 64, 65, 50, 75, 69, 57, 77, 46, 81, 17, 61, 63, 6, 1, 19, 5, 36, 93, 27, 28, 12, 51, 92, 22, 4, 38, 26, 53, 72, 52, 56, 25, 80, 78, 84, 37, 49, 30, 62, 55, 85, 97, 96, 33, 66, 48, 87, 11, 9, 89, 23, 14, 31, 18, 8, 24, 2, 94, 76, 90, 39, 59, 82, 88]",57977.0992030474,0.6935038913851238,17400
"[87, 27, 62, 67, 43, 64, 65, 37, 75, 70, 31, 18, 2, 88, 44, 66, 4, 38, 13, 26, 94, 33, 49, 29, 93, 71, 98, 7, 42, 24, 8, 6, 5, 10, 1, 15, 69, 55, 77, 41, 58, 35, 81, 20, 23, 14, 32, 9, 47, 3, 28, 25, 36, 45, 12, 61, 17, 54, 21, 86, 95, 46, 91, 34, 40, 99, 82, 90, 85, 83, 92, 76, 79, 73, 84, 22, 72, 16, 19, 53, 50, 74, 68, 97, 96, 78, 80, 48, 100, 60, 52, 59, 39, 56, 30, 63, 51, 11, 57, 89]",57141.298987684924,0.6979223517273863,18660
"[16, 75, 22, 2, 26, 13, 70, 39, 72, 68, 74, 73, 15, 57, 87, 86, 71, 91, 83, 45, 24, 5, 10, 31, 18, 4, 66, 65, 84, 44, 53, 50, 32, 14, 69, 79, 40, 27, 95, 99, 54, 94, 76, 88, 82, 90, 85, 43, 81, 46, 47, 34, 58, 59, 25, 20, 100, 96, 97, 33, 38, 37, 92, 55, 67, 62, 64, 23, 98, 41, 60, 35, 51, 63, 30, 49, 1, 11, 7, 8, 36, 42, 29, 89, 78, 21, 6, 17, 9, 93, 77, 3, 28, 12, 61, 48, 80, 52, 56, 19]",56697.23592909977,0.7002698924168456,17490
"[5, 6, 8, 53, 33, 38, 37, 42, 20, 57, 81, 46, 87, 92, 85, 91, 27, 69, 84, 73, 41, 98, 12, 45, 14, 68, 74, 28, 3, 23, 11, 7, 31, 88, 76, 94, 64, 60, 43, 54, 70, 2, 26, 19, 16, 72, 61, 66, 65, 50, 79, 44, 80, 48, 78, 90, 49, 25, 75, 39, 47, 29, 67, 62, 17, 9, 32, 10, 1, 21, 77, 55, 89, 30, 56, 52, 63, 22, 59, 40, 99, 95, 34, 51, 15, 58, 35, 100, 96, 97, 82, 71, 93, 83, 86, 24, 4, 18, 13, 36]",57318.07568298155,0.696987821198143,18300
"[10, 8, 84, 73, 61, 72, 22, 2, 99, 95, 27, 58, 3, 100, 86, 71, 81, 43, 87, 20, 28, 23, 55, 93, 7, 51, 14, 42, 37, 49, 1, 63, 48, 89, 29, 67, 60, 41, 98, 96, 97, 39, 59, 25, 36, 6, 53, 44, 65, 50, 79, 78, 80, 9, 11, 54, 15, 82, 94, 76, 88, 33, 66, 40, 35, 62, 77, 46, 91, 83, 85, 92, 57, 17, 64, 70, 90, 52, 56, 19, 24, 47, 34, 45, 38, 4, 16, 13, 26, 5, 18, 31, 12, 32, 30, 74, 68, 75, 69, 21]",54838.959308141486,0.7100936773402515,17850
"[4, 10, 29, 5, 45, 38, 46, 19, 78, 21, 51, 33, 61, 35, 49, 44, 23, 26, 53, 98, 90, 91, 92, 83, 93, 71, 81, 62, 34, 68, 7, 27, 13, 40, 28, 37, 11, 48, 43, 66, 41, 87, 96, 94, 88, 99, 50, 63, 52, 3, 9, 15, 1, 47, 85, 31, 65, 25, 80, 75, 32, 79, 17, 20, 77, 72, 74, 54, 67, 58, 73, 8, 59, 39, 69, 6, 12, 100, 86, 97, 2, 18, 14, 16, 57, 56, 60, 22, 30, 36, 84, 76, 82, 70, 42, 64, 89, 55, 95, 24]",53875.87987216543,0.6923399959620432,17850
"[36, 63, 59, 32, 23, 48, 82, 81, 71, 79, 42, 77, 75, 91, 54, 1, 41, 7, 15, 8, 27, 13, 73, 34, 67, 20, 89, 88, 93, 43, 84, 70, 58, 60, 22, 69, 47, 24, 19, 10, 26, 11, 78, 76, 87, 33, 37, 16, 74, 72, 97, 95, 90, 94, 96, 86, 99, 98, 39, 45, 38, 57, 28, 40, 29, 85, 83, 25, 68, 9, 3, 51, 21, 44, 100, 56, 92, 5, 18, 14, 49, 2, 52, 66, 30, 61, 50, 53, 31, 65, 64, 55, 62, 80, 17, 35, 46, 4, 12, 6]",54433.08001574038,0.6891580860084799,18930
"[10, 37, 5, 18, 93, 88, 97, 94, 90, 91, 62, 25, 83, 72, 100, 98, 99, 68, 17, 30, 66, 52, 3, 84, 70, 7, 79, 9, 60, 54, 69, 78, 76, 82, 16, 36, 22, 40, 38, 57, 51, 33, 28, 46, 85, 31, 59, 15, 13, 1, 4, 12, 27, 8, 73, 58, 80, 42, 89, 75, 77, 24, 19, 45, 43, 81, 56, 87, 86, 92, 50, 61, 64, 67, 34, 35, 49, 44, 21, 26, 55, 65, 20, 41, 63, 23, 32, 11, 48, 96, 71, 74, 39, 53, 47, 95, 6, 14, 29, 2]",55089.27510868155,0.6854108621037754,17490
"[86, 87, 84, 68, 9, 85, 22, 65, 69, 12, 6, 14, 97, 88, 93, 83, 34, 91, 1, 15, 30, 49, 44, 33, 8, 89, 24, 4, 10, 92, 71, 74, 43, 52, 21, 66, 57, 56, 100, 72, 80, 81, 62, 73, 58, 95, 96, 39, 40, 38, 53, 7, 13, 27, 26, 11, 18, 5, 45, 51, 3, 63, 59, 55, 67, 70, 82, 23, 32, 47, 17, 31, 60, 54, 61, 50, 78, 76, 75, 79, 42, 98, 90, 94, 20, 77, 64, 25, 41, 48, 35, 37, 2, 46, 19, 29, 16, 36, 28, 99]",57923.359087677236,0.6692267312739753,17580
"[39, 46, 2, 81, 71, 85, 31, 7, 80, 32, 28, 33, 44, 23, 26, 77, 58, 68, 24, 11, 16, 3, 52, 66, 48, 97, 50, 60, 27, 8, 88, 94, 17, 79, 72, 99, 83, 100, 98, 90, 91, 55, 67, 62, 93, 47, 73, 54, 57, 56, 84, 70, 82, 45, 35, 1, 13, 15, 12, 14, 4, 10, 29, 19, 96, 76, 87, 86, 92, 75, 22, 69, 18, 5, 9, 53, 95, 42, 65, 25, 89, 64, 20, 41, 34, 59, 63, 21, 78, 43, 61, 6, 40, 37, 36, 30, 51, 74, 38, 49]",56622.282610293965,0.676656571774682,18210
"[45, 35, 99, 71, 79, 8, 27, 13, 80, 26, 23, 66, 50, 61, 69, 67, 34, 90, 91, 42, 77, 38, 93, 39, 40, 12, 9, 60, 54, 73, 58, 65, 25, 41, 17, 31, 59, 47, 68, 64, 20, 89, 88, 100, 98, 55, 1, 3, 16, 53, 18, 4, 15, 7, 94, 96, 72, 74, 56, 57, 92, 86, 87, 28, 49, 43, 46, 6, 14, 32, 11, 29, 22, 36, 52, 33, 51, 21, 63, 30, 37, 10, 84, 70, 78, 76, 82, 75, 95, 97, 83, 85, 62, 81, 5, 24, 19, 2, 48, 44]",56367.72416906683,0.6781102362204724,19020
"[32, 67, 95, 90, 94, 96, 43, 45, 10, 61, 52, 78, 21, 51, 57, 56, 81, 68, 7, 55, 83, 91, 75, 85, 13, 15, 8, 27, 22, 53, 39, 63, 3, 48, 33, 16, 18, 40, 6, 12, 14, 26, 59, 42, 17, 64, 54, 60, 97, 86, 87, 70, 82, 76, 71, 100, 98, 31, 28, 69, 37, 30, 25, 79, 20, 65, 73, 58, 80, 24, 5, 29, 23, 66, 41, 34, 77, 1, 4, 19, 2, 36, 35, 93, 88, 89, 47, 9, 49, 44, 46, 38, 74, 62, 99, 72, 92, 50, 84, 11]",54141.75202189158,0.6908217242075508,18210
"[84, 70, 20, 80, 72, 93, 38, 45, 44, 14, 92, 86, 100, 98, 99, 71, 73, 58, 64, 77, 34, 47, 7, 3, 51, 30, 33, 48, 21, 87, 74, 62, 85, 31, 40, 37, 11, 78, 76, 82, 59, 17, 83, 55, 79, 39, 53, 29, 57, 50, 61, 35, 81, 68, 42, 8, 46, 16, 19, 5, 18, 10, 24, 23, 32, 75, 94, 96, 41, 6, 12, 4, 26, 91, 90, 88, 89, 15, 9, 69, 56, 66, 52, 63, 36, 28, 49, 2, 60, 54, 67, 1, 13, 27, 22, 65, 25, 95, 97, 43]",56848.55678027367,0.675364425600646,17490
"[59, 17, 68, 20, 9, 35, 49, 38, 74, 62, 47, 85, 6, 40, 12, 27, 8, 31, 60, 54, 70, 84, 71, 93, 16, 46, 2, 18, 15, 1, 13, 7, 95, 97, 86, 87, 52, 78, 76, 82, 41, 48, 45, 43, 44, 81, 5, 29, 23, 32, 30, 37, 14, 24, 80, 64, 77, 58, 75, 92, 56, 57, 39, 53, 28, 36, 66, 50, 63, 33, 19, 4, 10, 61, 69, 22, 83, 100, 72, 79, 42, 67, 73, 25, 65, 55, 89, 88, 99, 98, 90, 91, 26, 3, 11, 51, 21, 96, 94, 34]",52051.54437670414,0.7027579244902079,18030
"[72, 95, 97, 86, 94, 96, 14, 32, 10, 16, 11, 61, 59, 17, 65, 25, 80, 34, 41, 66, 33, 19, 99, 83, 47, 7, 13, 15, 12, 4, 29, 40, 39, 81, 56, 85, 75, 79, 42, 67, 27, 8, 69, 37, 23, 87, 76, 84, 62, 73, 9, 36, 18, 53, 6, 1, 55, 68, 78, 21, 44, 46, 60, 22, 70, 82, 52, 45, 30, 20, 77, 50, 63, 43, 51, 3, 26, 5, 24, 31, 64, 90, 91, 92, 2, 48, 35, 49, 38, 57, 28, 54, 100, 98, 58, 89, 88, 93, 71, 74]",58904.823299964155,0.6636220472440945,17940
"[26, 3, 9, 49, 29, 5, 24, 73, 42, 7, 13, 8, 54, 93, 83, 99, 71, 74, 28, 36, 48, 21, 44, 97, 95, 96, 70, 20, 64, 65, 55, 59, 58, 91, 90, 98, 25, 31, 41, 34, 68, 15, 60, 46, 35, 52, 10, 37, 30, 32, 80, 67, 56, 57, 61, 2, 45, 51, 53, 38, 100, 72, 82, 89, 88, 94, 17, 27, 22, 69, 62, 84, 76, 78, 39, 40, 16, 18, 11, 19, 1, 79, 47, 85, 75, 77, 81, 50, 87, 86, 92, 4, 14, 12, 6, 33, 63, 43, 66, 23]",56353.58203344309,0.6781909953563496,18210
"[28, 17, 45, 76, 22, 4, 23, 2, 7, 21, 8, 1, 13, 27, 11, 43, 41, 49, 39, 54, 35, 46, 34, 56, 55, 15, 52, 51, 38, 50, 37, 44, 16, 42, 14, 58, 60, 57, 59, 71, 73, 72, 62, 65, 68, 74, 48, 36, 9, 30, 20, 3, 5, 18, 61, 66, 64, 70, 75, 47, 40, 53, 6, 25, 19, 24, 10, 32, 33, 67, 63, 69, 12, 26, 29, 31]",281886.7041064549,0.49666419195668743,20820
"[47, 15, 2, 1, 8, 55, 56, 36, 9, 24, 10, 26, 13, 60, 58, 71, 72, 73, 62, 68, 74, 70, 76, 48, 34, 61, 67, 57, 59, 20, 21, 6, 32, 46, 35, 52, 51, 39, 50, 53, 37, 42, 41, 65, 64, 66, 63, 69, 14, 45, 40, 43, 18, 54, 38, 44, 12, 29, 31, 27, 11, 33, 49, 16, 3, 23, 4, 5, 25, 19, 30, 28, 17, 7, 22, 75]",278379.4544717695,0.5029267233324749,18390
"[50, 40, 51, 53, 39, 48, 34, 47, 75, 22, 20, 7, 25, 5, 31, 10, 24, 19, 21, 8, 1, 74, 46, 28, 12, 27, 13, 68, 62, 65, 57, 15, 54, 52, 38, 55, 56, 18, 45, 14, 2, 3, 23, 76, 70, 61, 66, 64, 71, 73, 72, 59, 16, 4, 6, 26, 11, 33, 42, 37, 43, 17, 60, 58, 69, 63, 67, 36, 44, 29, 30, 9, 32, 35, 49, 41]",286984.94399880973,0.4875607945334164,20280
"[46, 42, 37, 29, 31, 27, 17, 7, 2, 1, 8, 19, 25, 10, 30, 20, 22, 3, 15, 55, 56, 9, 24, 6, 21, 5, 26, 12, 33, 52, 51, 54, 50, 13, 28, 14, 61, 69, 64, 67, 62, 66, 60, 41, 47, 75, 68, 63, 71, 73, 72, 11, 4, 23, 76, 70, 74, 45, 40, 57, 65, 39, 53, 34, 43, 18, 58, 59, 16, 48, 36, 44, 38, 49, 35, 32]",277140.6033911305,0.5051388110281161,19740
"[1, 2, 8, 30, 28, 13, 43, 36, 33, 35, 50, 39, 49, 38, 51, 56, 59, 66, 64, 68, 32, 10, 4, 22, 20, 24, 76, 70, 75, 47, 74, 23, 7, 19, 25, 9, 48, 40, 67, 62, 71, 73, 72, 57, 60, 34, 45, 17, 27, 18, 54, 41, 55, 58, 61, 65, 63, 69, 37, 29, 31, 6, 21, 5, 3, 11, 26, 12, 46, 42, 16, 44, 15, 53, 52, 14]",269587.288754496,0.5186259804144382,20640
"[3, 23, 75, 70, 74, 45, 37, 71, 72, 73, 56, 36, 33, 11, 34, 46, 35, 49, 40, 43, 38, 52, 51, 65, 62, 67, 64, 69, 61, 50, 54, 15, 48, 32, 10, 24, 9, 29, 28, 30, 26, 12, 47, 76, 22, 4, 16, 44, 39, 58, 66, 63, 68, 55, 13, 27, 31, 19, 21, 6, 53, 41, 42, 17, 7, 2, 1, 14, 60, 57, 59, 18, 8, 25, 20, 5]",277443.2450934785,0.5045984151755278,20460
"[54, 35, 32, 33, 36, 60, 59, 57, 68, 75, 70, 76, 46, 11, 28, 31, 19, 24, 8, 1, 74, 67, 50, 34, 47, 39, 42, 41, 43, 37, 45, 40, 48, 15, 49, 17, 3, 22, 6, 21, 23, 4, 16, 58, 72, 73, 71, 64, 66, 14, 2, 7, 20, 25, 5, 18, 44, 13, 27, 10, 26, 9, 30, 29, 12, 52, 55, 56, 38, 53, 51, 61, 62, 69, 63, 65]",271954.6822579086,0.5143987717357819,20100
"[61, 39, 52, 41, 44, 33, 36, 47, 15, 53, 50, 16, 49, 38, 54, 12, 26, 19, 21, 8, 1, 75, 70, 74, 67, 57, 60, 13, 2, 7, 20, 22, 3, 4, 23, 76, 68, 58, 59, 56, 18, 5, 25, 6, 27, 11, 43, 40, 73, 72, 71, 64, 69, 62, 35, 45, 14, 55, 51, 37, 42, 46, 34, 48, 32, 10, 24, 9, 30, 29, 31, 28, 17, 66, 63, 65]",268969.277427739,0.5197294990479943,21990
"[21, 8, 1, 14, 48, 38, 65, 57, 60, 56, 15, 50, 75, 70, 63, 66, 58, 59, 55, 17, 28, 31, 29, 9, 24, 76, 68, 61, 73, 72, 16, 3, 22, 20, 30, 52, 40, 36, 54, 51, 53, 13, 26, 6, 25, 5, 43, 37, 45, 18, 42, 41, 44, 33, 11, 27, 12, 34, 46, 35, 47, 74, 67, 64, 69, 62, 71, 39, 49, 32, 10, 4, 23, 2, 7, 19]",284374.305762669,0.49222234006555476,19740
"[16, 69, 64, 65, 38, 42, 15, 62, 70, 74, 47, 37, 29, 30, 6, 21, 19, 5, 25, 9, 24, 8, 18, 53, 51, 55, 13, 27, 17, 45, 34, 59, 58, 60, 57, 67, 75, 1, 7, 2, 14, 49, 41, 43, 36, 48, 39, 54, 52, 12, 26, 10, 3, 4, 11, 61, 66, 63, 72, 73, 71, 28, 31, 20, 22, 23, 76, 68, 56, 32, 46, 33, 35, 44, 40, 50]",286202.8838988174,0.48895723802164637,19830
"[22, 3, 2, 23, 21, 6, 26, 10, 30, 27, 11, 4, 5, 18, 50, 40, 43, 36, 33, 32, 42, 38, 47, 76, 70, 74, 48, 16, 54, 52, 13, 61, 67, 62, 71, 72, 73, 15, 53, 39, 49, 17, 7, 25, 9, 24, 19, 8, 1, 75, 68, 56, 14, 45, 34, 46, 35, 44, 41, 51, 55, 69, 64, 65, 63, 66, 37, 29, 31, 28, 12, 58, 59, 57, 60, 20]",273351.925257533,0.5119038600425251,21270
"[95, 121, 80, 181, 139, 151, 104, 13, 54, 58, 22, 98, 84, 99, 87, 127, 220, 183, 223, 92, 120, 88, 119, 107, 81, 174, 200, 46, 19, 45, 41, 197, 122, 77, 33, 57, 21, 1, 3, 4, 75, 16, 47, 34, 74, 60, 32, 10, 44, 40, 42, 50, 20, 61, 24, 49, 35, 106, 202, 159, 188, 109, 82, 100, 25, 27, 18, 48, 31, 78, 123, 175, 162, 170, 143, 217, 166, 204, 149, 218, 66, 14, 69, 195, 148, 140, 205, 128, 178, 203, 179, 136, 169, 36, 52, 59, 198, 111, 83, 105, 171, 135, 180, 144, 172, 134, 186, 145, 155, 193, 156, 168, 101, 90, 115, 71, 23, 51, 26, 185, 132, 176, 129, 190, 138, 212, 70, 55, 30, 219, 160, 173, 158, 221, 215, 131, 182, 108, 91, 116, 73, 29, 62, 76, 37, 56, 11, 7, 43, 39, 118, 86, 187, 137, 222, 141, 189, 150, 208, 147, 199, 154, 225, 142, 146, 216, 213, 130, 211, 214, 68, 28, 67, 112, 93, 125, 194, 126, 94, 103, 210, 167, 161, 191, 89, 114, 79, 133, 15, 53, 38, 9, 8, 5, 2, 6, 17, 117, 102, 96, 113, 72, 65, 206, 157, 164, 177, 192, 152, 224, 97, 12, 63, 64, 110, 85, 207, 201, 209, 163, 165, 196, 153, 184, 124]",32635.707383934565,0.4252377125103879,20550
"[132, 151, 184, 141, 210, 107, 65, 75, 76, 67, 74, 64, 193, 166, 187, 136, 189, 14, 27, 20, 177, 145, 219, 201, 212, 7, 5, 45, 18, 224, 143, 204, 58, 34, 114, 108, 112, 90, 116, 85, 96, 30, 50, 39, 41, 43, 8, 6, 15, 98, 91, 124, 186, 138, 170, 161, 190, 156, 213, 215, 225, 162, 181, 159, 167, 165, 180, 129, 217, 109, 118, 86, 173, 147, 197, 174, 135, 150, 218, 152, 216, 157, 196, 160, 202, 9, 46, 32, 77, 222, 163, 205, 125, 11, 59, 17, 49, 22, 209, 140, 176, 206, 153, 221, 134, 171, 146, 208, 148, 195, 66, 23, 103, 207, 127, 13, 56, 21, 68, 26, 71, 106, 81, 121, 84, 99, 63, 29, 52, 70, 19, 57, 28, 60, 25, 105, 194, 155, 168, 199, 128, 188, 183, 223, 142, 192, 154, 182, 137, 214, 164, 220, 126, 133, 131, 172, 198, 178, 95, 82, 119, 80, 211, 158, 175, 139, 185, 144, 149, 179, 203, 123, 73, 10, 42, 40, 44, 38, 53, 35, 97, 16, 79, 117, 110, 89, 101, 88, 111, 62, 61, 24, 54, 12, 72, 69, 102, 92, 115, 87, 100, 94, 122, 200, 47, 55, 31, 51, 36, 120, 83, 93, 130, 191, 78, 37, 48, 4, 1, 3, 2, 104, 113, 33, 169]",32530.06563082527,0.42709821747684074,21450
"[141, 149, 195, 39, 44, 18, 52, 194, 152, 140, 151, 193, 154, 220, 86, 113, 41, 38, 48, 32, 221, 211, 144, 204, 201, 207, 163, 219, 96, 116, 36, 53, 13, 58, 40, 46, 7, 11, 56, 54, 34, 62, 37, 99, 83, 148, 168, 130, 133, 29, 74, 64, 24, 61, 33, 172, 161, 213, 216, 155, 218, 101, 20, 3, 19, 50, 35, 224, 222, 225, 136, 187, 162, 174, 153, 135, 175, 132, 173, 87, 114, 88, 188, 158, 214, 139, 215, 223, 125, 92, 98, 94, 115, 85, 119, 23, 63, 126, 109, 208, 147, 209, 134, 150, 97, 6, 8, 9, 2, 5, 81, 110, 93, 111, 78, 65, 100, 122, 16, 27, 43, 1, 4, 17, 72, 202, 157, 210, 212, 145, 206, 178, 127, 199, 159, 166, 176, 138, 181, 30, 51, 14, 69, 73, 76, 66, 22, 57, 28, 60, 26, 59, 47, 203, 179, 146, 131, 186, 183, 189, 137, 184, 75, 77, 121, 200, 123, 197, 177, 156, 171, 12, 49, 21, 70, 25, 10, 42, 45, 31, 55, 15, 185, 90, 106, 84, 182, 128, 192, 160, 196, 143, 170, 102, 80, 104, 118, 105, 120, 108, 217, 142, 165, 180, 198, 124, 91, 112, 103, 79, 68, 67, 71, 117, 82, 95, 169, 164, 167, 205, 129, 190, 89, 107, 191]",32879.54608635891,0.42094335820897305,19470
"[2, 3, 18, 48, 11, 106, 115, 88, 121, 203, 176, 134, 152, 218, 107, 80, 109, 225, 215, 124, 79, 30, 50, 34, 52, 13, 9, 43, 38, 62, 174, 167, 153, 208, 145, 206, 144, 204, 201, 223, 82, 116, 10, 46, 33, 74, 65, 73, 69, 25, 57, 53, 70, 66, 224, 156, 169, 197, 151, 191, 163, 209, 63, 22, 104, 222, 164, 136, 184, 130, 93, 118, 32, 45, 31, 113, 81, 110, 212, 135, 220, 91, 105, 112, 90, 123, 133, 14, 58, 15, 102, 96, 97, 177, 132, 221, 213, 138, 187, 157, 207, 160, 196, 108, 41, 8, 194, 146, 195, 149, 189, 126, 86, 120, 76, 67, 100, 87, 103, 119, 85, 175, 143, 172, 158, 214, 159, 217, 183, 186, 140, 147, 205, 162, 192, 127, 35, 51, 37, 44, 39, 72, 64, 40, 42, 4, 6, 7, 56, 21, 101, 83, 122, 198, 179, 78, 68, 28, 47, 200, 178, 182, 139, 180, 17, 59, 26, 114, 89, 166, 165, 185, 75, 36, 49, 12, 61, 60, 24, 27, 23, 193, 125, 199, 155, 216, 20, 1, 19, 150, 168, 141, 211, 77, 117, 92, 181, 161, 173, 148, 128, 170, 131, 210, 84, 111, 94, 98, 95, 188, 142, 171, 129, 219, 99, 16, 54, 202, 154, 137, 190, 71, 29, 55, 5]",33481.77478975985,0.4103372345822788,21990
"[110, 13, 63, 36, 100, 90, 191, 146, 179, 148, 175, 134, 149, 169, 125, 38, 43, 9, 53, 59, 35, 52, 31, 221, 138, 212, 219, 165, 132, 190, 143, 202, 11, 45, 42, 7, 14, 113, 106, 81, 117, 99, 95, 129, 225, 154, 204, 109, 93, 98, 83, 171, 162, 199, 144, 153, 194, 66, 54, 30, 131, 185, 164, 188, 126, 152, 218, 150, 127, 192, 151, 135, 220, 32, 19, 48, 47, 25, 104, 168, 160, 180, 167, 141, 189, 82, 114, 21, 27, 41, 40, 44, 46, 200, 174, 136, 176, 198, 61, 15, 69, 10, 6, 16, 49, 33, 118, 88, 184, 86, 101, 96, 77, 119, 60, 23, 70, 64, 78, 116, 87, 224, 142, 211, 159, 166, 172, 20, 1, 5, 18, 58, 12, 55, 17, 217, 140, 215, 158, 216, 130, 187, 24, 72, 71, 26, 97, 112, 107, 115, 94, 123, 195, 108, 181, 163, 170, 147, 209, 91, 121, 105, 133, 80, 207, 139, 182, 137, 178, 203, 177, 84, 120, 67, 74, 76, 68, 186, 157, 193, 155, 208, 124, 196, 156, 210, 79, 102, 89, 206, 201, 223, 161, 222, 213, 37, 56, 28, 73, 34, 50, 39, 57, 29, 51, 8, 3, 2, 4, 22, 62, 111, 92, 214, 183, 145, 173, 128, 205, 103, 85, 122, 75, 65, 197]",33251.05998919433,0.4144004578784905,21270
"[112, 108, 110, 12, 56, 29, 219, 161, 217, 125, 94, 121, 79, 65, 76, 71, 15, 53, 31, 64, 113, 77, 120, 86, 182, 160, 224, 66, 122, 200, 62, 21, 78, 114, 95, 187, 132, 169, 138, 171, 157, 196, 73, 36, 55, 26, 93, 172, 135, 189, 165, 213, 216, 129, 133, 37, 48, 197, 147, 210, 83, 117, 84, 106, 115, 101, 87, 185, 144, 192, 89, 104, 97, 91, 186, 159, 179, 127, 19, 45, 38, 46, 9, 13, 100, 88, 105, 123, 92, 107, 206, 128, 152, 181, 162, 221, 137, 146, 202, 201, 204, 166, 142, 207, 130, 205, 90, 116, 14, 50, 32, 54, 63, 194, 155, 211, 81, 102, 2, 3, 10, 42, 52, 191, 163, 175, 140, 148, 150, 141, 212, 164, 209, 80, 111, 198, 174, 145, 168, 156, 170, 151, 131, 184, 134, 176, 190, 183, 225, 68, 67, 208, 124, 70, 28, 57, 25, 47, 203, 173, 126, 167, 109, 180, 136, 223, 34, 51, 35, 75, 177, 158, 199, 61, 11, 7, 17, 1, 6, 18, 5, 16, 74, 72, 33, 49, 30, 98, 85, 188, 154, 193, 153, 218, 143, 214, 139, 178, 149, 195, 69, 40, 43, 44, 27, 24, 99, 222, 215, 220, 23, 59, 20, 4, 8, 41, 39, 119, 60, 22, 58, 118, 103, 96, 82]",33237.17241201183,0.41464503831718597,22260
"[181, 92, 116, 81, 99, 77, 65, 67, 76, 12, 58, 36, 55, 34, 125, 188, 138, 152, 218, 40, 44, 38, 63, 190, 162, 224, 90, 115, 22, 27, 21, 223, 213, 219, 158, 205, 139, 207, 154, 68, 13, 51, 33, 196, 176, 161, 211, 164, 174, 151, 145, 208, 69, 71, 170, 136, 215, 221, 39, 45, 37, 101, 97, 98, 16, 2, 3, 4, 19, 59, 25, 104, 89, 204, 201, 216, 60, 10, 46, 18, 1, 7, 8, 194, 146, 149, 187, 165, 217, 150, 197, 61, 73, 75, 14, 112, 93, 111, 95, 100, 78, 119, 109, 17, 6, 5, 41, 123, 179, 159, 202, 88, 96, 133, 129, 175, 163, 183, 212, 132, 148, 195, 106, 120, 80, 122, 87, 108, 9, 43, 42, 50, 35, 124, 185, 134, 184, 137, 225, 160, 191, 128, 168, 173, 155, 214, 85, 110, 31, 49, 23, 114, 91, 167, 180, 144, 206, 166, 153, 192, 142, 189, 30, 74, 15, 52, 11, 48, 32, 57, 53, 62, 198, 172, 126, 79, 113, 72, 70, 64, 29, 54, 24, 47, 28, 66, 117, 83, 102, 86, 171, 141, 169, 130, 82, 118, 105, 94, 210, 131, 209, 103, 20, 56, 26, 147, 222, 140, 199, 156, 193, 127, 220, 84, 107, 121, 200, 182, 135, 186, 143, 177, 203, 178, 157]",32865.46051927768,0.4211914255378333,19560
"[157, 169, 159, 196, 156, 210, 161, 216, 93, 121, 82, 104, 217, 158, 181, 143, 190, 69, 32, 45, 27, 23, 188, 131, 88, 99, 90, 199, 155, 194, 9, 7, 6, 10, 208, 125, 92, 105, 118, 66, 20, 4, 1, 5, 17, 62, 8, 43, 42, 40, 46, 11, 204, 201, 222, 39, 51, 15, 53, 33, 165, 187, 163, 213, 225, 124, 70, 73, 126, 189, 164, 211, 221, 28, 56, 30, 54, 44, 41, 49, 29, 55, 16, 61, 195, 149, 140, 191, 148, 166, 219, 142, 224, 96, 18, 52, 12, 48, 31, 60, 198, 177, 203, 178, 200, 176, 154, 193, 109, 89, 120, 85, 111, 2, 3, 19, 116, 34, 59, 21, 179, 146, 135, 174, 153, 173, 144, 209, 95, 103, 117, 108, 83, 100, 114, 75, 79, 223, 139, 185, 97, 86, 123, 197, 170, 160, 192, 87, 122, 80, 115, 36, 47, 25, 151, 141, 186, 94, 102, 68, 76, 72, 63, 24, 101, 147, 202, 37, 112, 91, 119, 35, 50, 14, 77, 78, 113, 106, 110, 81, 128, 167, 132, 133, 13, 57, 38, 182, 145, 207, 183, 212, 98, 67, 74, 65, 218, 127, 206, 107, 84, 180, 136, 172, 129, 130, 171, 162, 214, 134, 184, 150, 152, 205, 138, 175, 22, 58, 26, 64, 71, 215, 220, 137, 168]",33169.03560257669,0.4158450266610104,20010
"[69, 73, 76, 17, 75, 64, 18, 5, 2, 16, 53, 59, 35, 52, 29, 219, 129, 187, 154, 196, 145, 202, 37, 43, 40, 41, 50, 13, 49, 38, 44, 39, 51, 14, 55, 30, 100, 91, 113, 68, 25, 54, 34, 190, 157, 168, 90, 117, 97, 114, 85, 121, 63, 24, 58, 186, 153, 177, 107, 89, 116, 71, 102, 93, 171, 136, 166, 179, 203, 176, 159, 192, 147, 199, 11, 46, 200, 119, 94, 127, 125, 124, 80, 220, 215, 183, 188, 8, 42, 7, 12, 61, 174, 158, 189, 83, 99, 77, 15, 6, 9, 32, 123, 108, 205, 165, 184, 160, 207, 144, 193, 106, 67, 72, 126, 172, 128, 216, 156, 178, 197, 122, 92, 115, 88, 98, 33, 48, 31, 45, 19, 1, 4, 3, 20, 56, 194, 155, 175, 132, 133, 130, 214, 218, 148, 134, 210, 137, 222, 201, 209, 138, 185, 103, 86, 211, 223, 139, 180, 142, 212, 152, 135, 173, 146, 191, 141, 151, 182, 140, 217, 164, 181, 163, 170, 111, 198, 149, 208, 110, 21, 27, 26, 81, 120, 84, 109, 224, 161, 167, 204, 143, 206, 66, 36, 70, 150, 131, 169, 78, 79, 96, 104, 95, 105, 225, 162, 213, 221, 82, 101, 118, 23, 60, 62, 87, 112, 22, 57, 28, 47, 10, 74, 65, 195]",32655.393236722783,0.4248910160025834,21720
"[123, 198, 1, 3, 20, 55, 12, 54, 60, 21, 58, 16, 47, 19, 2, 200, 177, 137, 181, 131, 168, 107, 83, 102, 101, 38, 46, 11, 75, 113, 106, 174, 159, 224, 147, 140, 209, 164, 141, 146, 214, 153, 37, 49, 56, 26, 170, 143, 171, 132, 188, 81, 25, 27, 45, 32, 52, 206, 128, 185, 158, 205, 161, 165, 216, 105, 69, 72, 65, 76, 35, 62, 34, 61, 71, 29, 182, 162, 178, 154, 222, 215, 213, 225, 109, 89, 189, 139, 180, 166, 135, 148, 218, 4, 5, 6, 43, 10, 44, 203, 121, 77, 67, 70, 22, 126, 184, 136, 151, 199, 142, 221, 211, 134, 149, 195, 124, 194, 176, 197, 122, 92, 112, 91, 119, 93, 97, 98, 82, 118, 96, 217, 155, 196, 167, 90, 116, 28, 57, 15, 79, 100, 86, 223, 145, 150, 190, 129, 179, 108, 80, 103, 204, 64, 23, 59, 24, 66, 74, 68, 104, 202, 201, 212, 152, 130, 191, 8, 7, 9, 41, 40, 39, 220, 183, 207, 160, 192, 73, 13, 114, 84, 115, 63, 30, 51, 14, 48, 31, 50, 33, 117, 87, 173, 127, 133, 78, 110, 208, 172, 144, 175, 85, 120, 17, 53, 36, 169, 157, 219, 94, 99, 88, 111, 95, 210, 163, 186, 138, 156, 187, 125, 193, 18, 42]",33525.72854727843,0.40956314496571433,21180
"[153, 169, 100, 88, 119, 110, 84, 105, 118, 78, 81, 225, 161, 221, 154, 206, 156, 218, 143, 211, 139, 172, 198, 27, 42, 10, 38, 73, 76, 35, 32, 58, 21, 126, 212, 130, 216, 183, 209, 142, 213, 219, 215, 162, 224, 141, 184, 39, 44, 11, 46, 19, 1, 3, 43, 31, 106, 191, 75, 33, 49, 24, 120, 95, 89, 98, 96, 121, 68, 12, 48, 37, 54, 196, 160, 207, 14, 52, 51, 36, 55, 20, 67, 114, 85, 123, 82, 125, 133, 128, 187, 168, 136, 173, 34, 50, 15, 69, 122, 94, 115, 79, 108, 124, 197, 7, 6, 17, 71, 117, 23, 63, 65, 104, 113, 109, 217, 165, 175, 163, 199, 91, 99, 86, 210, 144, 193, 157, 202, 103, 87, 116, 97, 80, 101, 4, 2, 16, 5, 204, 201, 223, 137, 180, 129, 177, 179, 127, 220, 152, 140, 186, 166, 145, 222, 146, 195, 107, 90, 112, 83, 111, 26, 57, 56, 25, 72, 181, 138, 178, 150, 135, 176, 203, 60, 64, 74, 77, 102, 182, 147, 208, 149, 131, 185, 132, 190, 93, 92, 192, 155, 194, 151, 148, 188, 134, 171, 29, 59, 28, 47, 13, 9, 8, 41, 40, 45, 18, 214, 158, 174, 200, 62, 70, 30, 53, 61, 22, 66, 189, 159, 167, 170, 164, 205]",32490.18480836635,0.42780057678144523,21900
